seed,cond,metric,slope_per_doubling,intercept,r2,res_16K,res_32K,res_64K,res_128K,res_256K
20260907,P1,rel_delta,0.06455,-0.73546,0.9998,0.00027,-0.00156,0.00081,0.00199,-0.00151
20260908,P1,rel_delta,0.06433,-0.73208,0.9998,0.00049,-0.00192,0.00113,0.00155,-0.00125
20260909,P1,rel_delta,0.06442,-0.73346,0.9998,0.00025,-0.00171,0.00117,0.00179,-0.0015
mean,P1,rel_delta,0.06443,-0.73367,0.9998,0.00034,-0.00173,0.00104,0.00178,-0.00142
20260907,P1,phi,0.06811,-1.64163,0.9971,-0.00572,0.00201,0.00656,0.00372,-0.00657
20260908,P1,phi,0.0679,-1.63834,0.9972,-0.00541,0.00154,0.00694,0.00314,-0.00621
20260909,P1,phi,0.06798,-1.63963,0.9969,-0.00581,0.00188,0.0071,0.00341,-0.00657
mean,P1,phi,0.068,-1.63987,0.9971,-0.00565,0.00181,0.00687,0.00342,-0.00645
20260907,P2G-10,rel_delta,0.02398,-0.25304,0.9979,-0.00135,4e-05,0.00183,0.00162,-0.00214
20260908,P2G-10,rel_delta,0.02394,-0.25254,0.9977,-0.00136,-5e-05,0.00199,0.00163,-0.00221
20260909,P2G-10,rel_delta,0.02402,-0.25384,0.9979,-0.00134,3e-05,0.00183,0.0016,-0.00212
mean,P2G-10,rel_delta,0.02398,-0.25314,0.9978,-0.00135,1e-05,0.00188,0.00162,-0.00215
20260907,P2G-10,phi,0.07716,-1.57364,0.9895,-0.01277,0.00526,0.01387,0.00757,-0.01393
20260908,P2G-10,phi,0.07716,-1.57443,0.9889,-0.0129,0.00484,0.01466,0.00776,-0.01436
20260909,P2G-10,phi,0.07743,-1.57868,0.9896,-0.01277,0.00529,0.01393,0.00736,-0.01381
mean,P2G-10,phi,0.07725,-1.57558,0.9893,-0.01281,0.00513,0.01415,0.00756,-0.01403
20260907,P2G-30,rel_delta,0.03444,-0.37059,0.9991,-0.0005,-0.00092,0.00137,0.00204,-0.00198
20260908,P2G-30,rel_delta,0.03431,-0.36889,0.9991,-0.00057,-0.0009,0.00162,0.00175,-0.00189
20260909,P2G-30,rel_delta,0.03443,-0.37064,0.9991,-0.00056,-0.00081,0.00138,0.00194,-0.00194
mean,P2G-30,rel_delta,0.03439,-0.37004,0.9991,-0.00054,-0.00088,0.00145,0.00191,-0.00194
20260907,P2G-30,phi,0.07926,-1.62993,0.9949,-0.00779,0.00147,0.00987,0.007,-0.01055
20260908,P2G-30,phi,0.0789,-1.62551,0.9947,-0.00817,0.00164,0.01081,0.00615,-0.01042
20260909,P2G-30,phi,0.07932,-1.63234,0.9948,-0.00813,0.00189,0.01,0.00683,-0.01059
mean,P2G-30,phi,0.07916,-1.62926,0.9948,-0.00803,0.00167,0.01023,0.00666,-0.01052
20260907,P2G-100,rel_delta,0.03814,-0.4116,0.9992,-0.00047,-0.00092,0.0012,0.00226,-0.00206
20260908,P2G-100,rel_delta,0.03803,-0.40982,0.9992,-0.00046,-0.00108,0.00157,0.00195,-0.00198
20260909,P2G-100,rel_delta,0.03825,-0.4134,0.9992,-0.00052,-0.00093,0.00139,0.0021,-0.00204
mean,P2G-100,rel_delta,0.03814,-0.41161,0.9992,-0.00048,-0.00098,0.00139,0.00211,-0.00203
20260907,P2G-100,phi,0.07897,-1.63352,0.9953,-0.00752,0.00168,0.00897,0.0071,-0.01023
20260908,P2G-100,phi,0.07871,-1.62944,0.9953,-0.00744,0.00124,0.00992,0.0062,-0.00992
20260909,P2G-100,phi,0.07933,-1.63961,0.9951,-0.00782,0.00177,0.00966,0.00666,-0.01027
mean,P2G-100,phi,0.079,-1.63419,0.9953,-0.00759,0.00156,0.00952,0.00665,-0.01014
20260907,P2R-10,rel_delta,0.02166,-0.22201,0.9973,-0.00157,0.00039,0.00182,0.00149,-0.00212
20260908,P2R-10,rel_delta,0.02162,-0.2215,0.9968,-0.00165,0.00023,0.00223,0.00144,-0.00225
20260909,P2R-10,rel_delta,0.02173,-0.22315,0.9971,-0.00159,0.00025,0.00209,0.00142,-0.00218
mean,P2R-10,rel_delta,0.02167,-0.22222,0.9971,-0.0016,0.00029,0.00205,0.00145,-0.00218
20260907,P2R-10,phi,0.07717,-1.51094,0.9874,-0.01466,0.00729,0.01459,0.00757,-0.0148
20260908,P2R-10,phi,0.07712,-1.51044,0.9858,-0.01514,0.00645,0.01688,0.00743,-0.01563
20260909,P2R-10,phi,0.0775,-1.51671,0.9866,-0.01493,0.00663,0.01632,0.00719,-0.01521
mean,P2R-10,phi,0.07726,-1.51269,0.9866,-0.01491,0.00679,0.01593,0.0074,-0.01521
20260907,P2R-30,rel_delta,0.03253,-0.33596,0.9987,-0.0012,-0.00023,0.0018,0.00189,-0.00226
20260908,P2R-30,rel_delta,0.0324,-0.33466,0.9988,-0.00124,-0.00023,0.00211,0.00144,-0.00208
20260909,P2R-30,rel_delta,0.03246,-0.33553,0.9987,-0.00129,-0.00019,0.002,0.00176,-0.00227
mean,P2R-30,rel_delta,0.03246,-0.33539,0.9987,-0.00124,-0.00022,0.00197,0.0017,-0.0022
20260907,P2R-30,phi,0.07678,-1.5225,0.9933,-0.00983,0.00365,0.01093,0.0065,-0.01125
20260908,P2R-30,phi,0.07679,-1.52468,0.9932,-0.01012,0.00373,0.01205,0.0052,-0.01086
20260909,P2R-30,phi,0.07683,-1.52542,0.9928,-0.0103,0.00391,0.01168,0.00611,-0.0114
mean,P2R-30,phi,0.0768,-1.5242,0.9931,-0.01008,0.00376,0.01155,0.00594,-0.01117
20260907,P2R-100,rel_delta,0.03822,-0.39012,0.999,-0.00129,-0.00027,0.00202,0.00193,-0.00239
20260908,P2R-100,rel_delta,0.03802,-0.38837,0.9989,-0.00143,-0.00021,0.00237,0.00159,-0.00233
20260909,P2R-100,rel_delta,0.03821,-0.39081,0.9989,-0.00145,-0.00017,0.00227,0.00177,-0.00242
mean,P2R-100,rel_delta,0.03815,-0.38977,0.9989,-0.00139,-0.00022,0.00222,0.00176,-0.00238
20260907,P2R-100,phi,0.07384,-1.47669,0.9942,-0.00894,0.00338,0.01016,0.00529,-0.0099
20260908,P2R-100,phi,0.074,-1.48106,0.9937,-0.00951,0.00372,0.0112,0.00449,-0.00989
20260909,P2R-100,phi,0.07427,-1.48475,0.9936,-0.00965,0.00394,0.01083,0.00509,-0.01022
mean,P2R-100,phi,0.07404,-1.48083,0.9938,-0.00937,0.00368,0.01073,0.00496,-0.01
