seed,cond,vocab,log2V,fertility,m2a,m2b,split_rate,m3_nonascii,delta_fert,rel_delta,from_splits,from_fragmentation,phi,stem_single_token_rate
20260907,P0,16000,13.9658,2.0058,0.2692,0.2821,0.0,0.00862,,,,,,
20260907,P1,16000,13.9658,2.3396,0.9975,1.0,0.68867,0.0055,0.3337,0.16637,1.0983,-0.7645,-0.69608,0.8698
20260907,P2G-10,16000,13.9658,2.1673,0.7846,0.7882,0.32356,0.00724,0.1615,0.08052,0.3288,-0.1673,-0.50882,0.6651
20260907,P2G-30,16000,13.9658,2.2263,0.9482,0.9505,0.44778,0.00681,0.2205,0.10993,0.47,-0.2495,-0.53085,0.6928
20260907,P2G-100,16000,13.9658,2.2479,0.9957,0.9958,0.48916,0.0066,0.242,0.12065,0.524,-0.282,-0.53817,0.7041
20260907,P2R-10,16000,13.9658,2.164,0.791,0.7843,0.27935,0.00728,0.1582,0.07887,0.2865,-0.1283,-0.44782,0.7696
20260907,P2R-30,16000,13.9658,2.2409,0.9434,0.9342,0.41037,0.00678,0.2351,0.11721,0.4354,-0.2003,-0.46004,0.7851
20260907,P2R-100,16000,13.9658,2.2914,0.9815,0.9716,0.47667,0.00643,0.2855,0.14234,0.5234,-0.2378,-0.45434,0.7954
20260907,P0,32000,14.9658,1.8207,0.1728,0.1877,0.0,0.00522,,,,,,
20260907,P1,32000,14.9658,2.2378,0.9969,1.0,0.68867,0.00264,0.4171,0.22909,1.0983,-0.6812,-0.62023,0.9254
20260907,P2G-10,32000,14.9658,2.0136,0.7484,0.7534,0.32356,0.00418,0.1928,0.10589,0.3288,-0.136,-0.41363,0.7336
20260907,P2G-30,32000,14.9658,2.0828,0.9401,0.9431,0.44778,0.00377,0.2621,0.14396,0.47,-0.2079,-0.44234,0.7619
20260907,P2G-100,32000,14.9658,2.109,0.9944,0.9945,0.48916,0.00364,0.2883,0.15835,0.524,-0.2358,-0.45,0.7726
20260907,P2R-10,32000,14.9658,2.0074,0.7529,0.7419,0.27935,0.00425,0.1866,0.10249,0.2865,-0.0999,-0.34869,0.8399
20260907,P2R-30,32000,14.9658,2.0951,0.9324,0.9168,0.41037,0.00378,0.2744,0.15071,0.4354,-0.161,-0.36977,0.8541
20260907,P2R-100,32000,14.9658,2.1513,0.9762,0.9595,0.47667,0.00358,0.3306,0.18158,0.5234,-0.1927,-0.36817,0.8623
20260907,P0,64000,15.9658,1.6786,0.1076,0.1237,0.0,0.00298,,,,,,
20260907,P1,64000,15.9658,2.1755,0.9967,1.0,0.68867,0.00123,0.4969,0.29602,1.0983,-0.6014,-0.54757,0.9587
20260907,P2G-10,64000,15.9658,1.8996,0.7174,0.7237,0.32356,0.00229,0.221,0.13166,0.3288,-0.1078,-0.32786,0.7883
20260907,P2G-30,64000,15.9658,1.9819,0.9317,0.9356,0.44778,0.00196,0.3033,0.18069,0.47,-0.1667,-0.35468,0.814
20260907,P2G-100,64000,15.9658,2.0121,0.9924,0.9927,0.48916,0.00188,0.3334,0.19862,0.524,-0.1906,-0.36374,0.8232
20260907,P2R-10,64000,15.9658,1.8895,0.7191,0.7036,0.27935,0.00231,0.2108,0.12558,0.2865,-0.0757,-0.26422,0.8928
20260907,P2R-30,64000,15.9658,1.9897,0.9208,0.8983,0.41037,0.00203,0.311,0.18527,0.4354,-0.1244,-0.28571,0.9053
20260907,P2R-100,64000,15.9658,2.0515,0.9708,0.9463,0.47667,0.00188,0.3728,0.22209,0.5234,-0.1505,-0.28754,0.9101
20260907,P0,128000,16.9658,1.5718,0.0653,0.0812,0.0,0.0017,,,,,,
20260907,P1,128000,16.9658,2.1404,0.9965,1.0,0.68867,0.00055,0.5686,0.36175,1.0983,-0.5297,-0.48229,0.9782
20260907,P2G-10,128000,16.9658,1.8161,0.6943,0.7018,0.32356,0.00126,0.2443,0.15543,0.3288,-0.0845,-0.257,0.8282
20260907,P2G-30,128000,16.9658,1.911,0.9243,0.9288,0.44778,0.00104,0.3392,0.2158,0.47,-0.1308,-0.2783,0.8503
20260907,P2G-100,128000,16.9658,1.9457,0.9904,0.9909,0.48916,0.00098,0.3738,0.23782,0.524,-0.1502,-0.28664,0.8585
20260907,P2R-10,128000,16.9658,1.8027,0.6931,0.6735,0.27935,0.00129,0.2309,0.1469,0.2865,-0.0556,-0.19407,0.9298
20260907,P2R-30,128000,16.9658,1.9143,0.911,0.8817,0.41037,0.0011,0.3425,0.2179,0.4354,-0.0929,-0.21337,0.9388
20260907,P2R-100,128000,16.9658,1.9808,0.9661,0.9343,0.47667,0.001,0.409,0.26021,0.5234,-0.1144,-0.21857,0.9417
20260907,P0,256000,17.9658,1.495,0.0402,0.0545,0.0,0.00095,,,,,,
20260907,P1,256000,17.9658,2.127,0.9965,1.0,0.68867,0.00034,0.6321,0.42281,1.0983,-0.4662,-0.42447,0.9856
20260907,P2G-10,256000,17.9658,1.7576,0.6797,0.6872,0.32356,0.00069,0.2626,0.17565,0.3288,-0.0662,-0.20134,0.8579
20260907,P2G-30,256000,17.9658,1.8631,0.9186,0.9235,0.44778,0.00056,0.3681,0.24622,0.47,-0.1018,-0.2166,0.8754
20260907,P2G-100,256000,17.9658,1.9011,0.9888,0.9895,0.48916,0.00054,0.4061,0.27164,0.524,-0.1179,-0.225,0.8826
20260907,P2R-10,256000,17.9658,1.7416,0.6755,0.6522,0.27935,0.00071,0.2466,0.16495,0.2865,-0.0399,-0.13927,0.9529
20260907,P2R-30,256000,17.9658,1.8632,0.9031,0.8694,0.41037,0.0006,0.3682,0.24629,0.4354,-0.0672,-0.15434,0.9563
20260907,P2R-100,256000,17.9658,1.9347,0.9628,0.9262,0.47667,0.00053,0.4397,0.29411,0.5234,-0.0837,-0.15992,0.9563
20260908,P0,16000,13.9658,2.0051,0.2674,0.2803,0.0,0.00846,,,,,,
20260908,P1,16000,13.9658,2.3395,0.9975,1.0,0.68867,0.0053,0.3344,0.16677,1.0983,-0.7639,-0.69553,0.8695
20260908,P2G-10,16000,13.9658,2.1664,0.7847,0.7882,0.32356,0.00707,0.1612,0.08039,0.3288,-0.1676,-0.50973,0.6658
20260908,P2G-30,16000,13.9658,2.2253,0.9442,0.9472,0.44803,0.00656,0.2201,0.10977,0.4701,-0.25,-0.5318,0.6911
20260908,P2G-100,16000,13.9658,2.2474,0.9959,0.9959,0.48918,0.00642,0.2422,0.12079,0.5241,-0.2818,-0.53768,0.7051
20260908,P2R-10,16000,13.9658,2.1633,0.7903,0.7837,0.27951,0.0071,0.1581,0.07885,0.2867,-0.1286,-0.44855,0.7713
20260908,P2R-30,16000,13.9658,2.2388,0.9436,0.9343,0.40959,0.0065,0.2337,0.11655,0.4347,-0.201,-0.46239,0.7849
20260908,P2R-100,16000,13.9658,2.2884,0.9841,0.9734,0.4759,0.00624,0.2832,0.14124,0.5216,-0.2384,-0.45706,0.7962
20260908,P0,32000,14.9658,1.8212,0.1728,0.1875,0.0,0.00506,,,,,,
20260908,P1,32000,14.9658,2.2378,0.997,1.0,0.68867,0.00249,0.4165,0.2287,1.0983,-0.6817,-0.62069,0.9255
20260908,P2G-10,32000,14.9658,2.0137,0.7485,0.7535,0.32356,0.00404,0.1924,0.10564,0.3288,-0.1364,-0.41484,0.7333
20260908,P2G-30,32000,14.9658,2.0831,0.9358,0.9395,0.44803,0.00361,0.2618,0.14375,0.4701,-0.2083,-0.4431,0.76
20260908,P2G-100,32000,14.9658,2.1093,0.9944,0.9946,0.48918,0.00347,0.2881,0.15819,0.5241,-0.236,-0.4503,0.7724
20260908,P2R-10,32000,14.9658,2.0076,0.7527,0.7421,0.27951,0.00409,0.1864,0.10235,0.2867,-0.1003,-0.34984,0.8398
20260908,P2R-30,32000,14.9658,2.0943,0.9333,0.9179,0.40959,0.00369,0.2731,0.14996,0.4347,-0.1616,-0.37175,0.8539
20260908,P2R-100,32000,14.9658,2.1499,0.9792,0.9619,0.4759,0.00345,0.3287,0.18049,0.5216,-0.1929,-0.36982,0.862
20260908,P0,64000,15.9658,1.679,0.108,0.1239,0.0,0.0028,,,,,,
20260908,P1,64000,15.9658,2.1761,0.9967,1.0,0.68867,0.00114,0.4971,0.29607,1.0983,-0.6012,-0.54739,0.9585
20260908,P2G-10,64000,15.9658,1.9,0.7172,0.7237,0.32356,0.00213,0.221,0.13163,0.3288,-0.1078,-0.32786,0.7878
20260908,P2G-30,64000,15.9658,1.9822,0.9273,0.9317,0.44803,0.00183,0.3032,0.18058,0.4701,-0.1669,-0.35503,0.8121
20260908,P2G-100,64000,15.9658,2.0129,0.9924,0.9927,0.48918,0.00175,0.3339,0.19887,0.5241,-0.1902,-0.36291,0.8222
20260908,P2R-10,64000,15.9658,1.8905,0.7188,0.7034,0.27951,0.00217,0.2115,0.12597,0.2867,-0.0752,-0.2623,0.8922
20260908,P2R-30,64000,15.9658,1.9891,0.922,0.8992,0.40959,0.0019,0.3101,0.18469,0.4347,-0.1246,-0.28663,0.9044
20260908,P2R-100,64000,15.9658,2.0501,0.9734,0.9483,0.4759,0.00176,0.3712,0.22108,0.5216,-0.1504,-0.28834,0.9091
20260908,P0,128000,16.9658,1.5728,0.0661,0.0818,0.0,0.00153,,,,,,
20260908,P1,128000,16.9658,2.1403,0.9965,1.0,0.68867,0.00052,0.5675,0.36082,1.0983,-0.5308,-0.48329,0.9781
20260908,P2G-10,128000,16.9658,1.817,0.6944,0.7019,0.32356,0.00114,0.2441,0.1552,0.3288,-0.0847,-0.2576,0.8279
20260908,P2G-30,128000,16.9658,1.911,0.9202,0.9253,0.44803,0.00098,0.3382,0.21503,0.4701,-0.132,-0.28079,0.8494
20260908,P2G-100,128000,16.9658,1.946,0.9905,0.991,0.48918,0.00092,0.3732,0.23728,0.5241,-0.1509,-0.28792,0.8583
20260908,P2R-10,128000,16.9658,1.8038,0.6935,0.6737,0.27951,0.00118,0.2309,0.14681,0.2867,-0.0558,-0.19463,0.9297
20260908,P2R-30,128000,16.9658,1.9133,0.9125,0.883,0.40959,0.00101,0.3404,0.21643,0.4347,-0.0942,-0.2167,0.9391
20260908,P2R-100,128000,16.9658,1.9792,0.9691,0.9367,0.4759,0.00094,0.4063,0.25833,0.5216,-0.1153,-0.22105,0.9418
20260908,P0,256000,17.9658,1.4957,0.0409,0.0551,0.0,0.00085,,,,,,
20260908,P1,256000,17.9658,2.1274,0.9965,1.0,0.68867,0.00033,0.6317,0.42234,1.0983,-0.4665,-0.42475,0.9851
20260908,P2G-10,256000,17.9658,1.7579,0.68,0.6875,0.32356,0.00065,0.2622,0.1753,0.3288,-0.0666,-0.20255,0.8576
20260908,P2G-30,256000,17.9658,1.8632,0.9147,0.9202,0.44803,0.00055,0.3675,0.2457,0.4701,-0.1027,-0.21846,0.875
20260908,P2G-100,256000,17.9658,1.9016,0.9889,0.9896,0.48918,0.00052,0.4059,0.27138,0.5241,-0.1181,-0.22534,0.8819
20260908,P2R-10,256000,17.9658,1.7421,0.676,0.6526,0.27951,0.00066,0.2464,0.16474,0.2867,-0.0403,-0.14057,0.9529
20260908,P2R-30,256000,17.9658,1.8626,0.9048,0.8706,0.40959,0.00056,0.3669,0.2453,0.4347,-0.0678,-0.15597,0.9561
20260908,P2R-100,256000,17.9658,1.9331,0.9656,0.9282,0.4759,0.00052,0.4374,0.29244,0.5216,-0.0842,-0.16143,0.956
20260909,P0,16000,13.9658,2.0059,0.2677,0.2809,0.0,0.00871,,,,,,
20260909,P1,16000,13.9658,2.3396,0.9974,1.0,0.68867,0.00555,0.3338,0.16641,1.0983,-0.7645,-0.69608,0.87
20260909,P2G-10,16000,13.9658,2.1669,0.785,0.7883,0.32356,0.00724,0.1611,0.08031,0.3288,-0.1677,-0.51004,0.6646
20260909,P2G-30,16000,13.9658,2.2256,0.9445,0.9475,0.44803,0.00686,0.2198,0.10958,0.4701,-0.2504,-0.53265,0.6913
20260909,P2G-100,16000,13.9658,2.2472,0.9956,0.9957,0.4891,0.00662,0.2413,0.1203,0.524,-0.2827,-0.5395,0.7045
20260909,P2R-10,16000,13.9658,2.1638,0.7906,0.7838,0.27958,0.00733,0.1579,0.07872,0.2867,-0.1288,-0.44925,0.7697
20260909,P2R-30,16000,13.9658,2.2396,0.9411,0.9324,0.40999,0.00677,0.2337,0.11651,0.435,-0.2013,-0.46276,0.7846
20260909,P2R-100,16000,13.9658,2.2894,0.9812,0.9711,0.47652,0.00644,0.2836,0.14138,0.5224,-0.2388,-0.45712,0.7952
20260909,P0,32000,14.9658,1.8212,0.1732,0.188,0.0,0.00517,,,,,,
20260909,P1,32000,14.9658,2.2381,0.997,1.0,0.68867,0.00248,0.4168,0.22886,1.0983,-0.6814,-0.62041,0.9253
20260909,P2G-10,32000,14.9658,2.0137,0.7474,0.7526,0.32356,0.00417,0.1925,0.1057,0.3288,-0.1363,-0.41454,0.7331
20260909,P2G-30,32000,14.9658,2.083,0.9358,0.9395,0.44803,0.00367,0.2618,0.14375,0.4701,-0.2084,-0.44331,0.7605
20260909,P2G-100,32000,14.9658,2.1092,0.9941,0.9943,0.4891,0.00354,0.288,0.15814,0.524,-0.2361,-0.45057,0.7728
20260909,P2R-10,32000,14.9658,2.0076,0.752,0.7414,0.27958,0.00426,0.1863,0.1023,0.2867,-0.1004,-0.35019,0.8395
20260909,P2R-30,32000,14.9658,2.0945,0.9303,0.9155,0.40999,0.0037,0.2733,0.15007,0.435,-0.1617,-0.37172,0.8536
20260909,P2R-100,32000,14.9658,2.1507,0.9765,0.9597,0.47652,0.00347,0.3294,0.18087,0.5224,-0.1929,-0.36926,0.862
20260909,P0,64000,15.9658,1.6788,0.1083,0.1245,0.0,0.00282,,,,,,
20260909,P1,64000,15.9658,2.176,0.9967,1.0,0.68867,0.0012,0.4972,0.29616,1.0983,-0.601,-0.54721,0.9589
20260909,P2G-10,64000,15.9658,1.8996,0.7168,0.7233,0.32356,0.00221,0.2208,0.13152,0.3288,-0.108,-0.32847,0.7879
20260909,P2G-30,64000,15.9658,1.9816,0.9272,0.9317,0.44803,0.00192,0.3028,0.18037,0.4701,-0.1673,-0.35588,0.813
20260909,P2G-100,64000,15.9658,2.0124,0.992,0.9924,0.4891,0.00185,0.3336,0.19871,0.524,-0.1904,-0.36336,0.8233
20260909,P2R-10,64000,15.9658,1.8901,0.719,0.7034,0.27958,0.00224,0.2113,0.12586,0.2867,-0.0754,-0.26299,0.8925
20260909,P2R-30,64000,15.9658,1.9889,0.919,0.8969,0.40999,0.00195,0.3101,0.18472,0.435,-0.1249,-0.28713,0.9048
20260909,P2R-100,64000,15.9658,2.0506,0.9709,0.9463,0.47652,0.00185,0.3719,0.22153,0.5224,-0.1505,-0.28809,0.91
20260909,P0,128000,16.9658,1.5723,0.0661,0.0819,0.0,0.00167,,,,,,
20260909,P1,128000,16.9658,2.1402,0.9965,1.0,0.68867,0.00052,0.5679,0.36119,1.0983,-0.5304,-0.48293,0.9782
20260909,P2G-10,128000,16.9658,1.8164,0.6941,0.7017,0.32356,0.00122,0.2442,0.15531,0.3288,-0.0847,-0.2576,0.8285
20260909,P2G-30,128000,16.9658,1.9109,0.9202,0.9254,0.44803,0.00102,0.3386,0.21535,0.4701,-0.1315,-0.27973,0.8498
20260909,P2G-100,128000,16.9658,1.946,0.9901,0.9907,0.4891,0.00094,0.3737,0.23768,0.524,-0.1504,-0.28702,0.8585
20260909,P2R-10,128000,16.9658,1.8032,0.6936,0.6739,0.27958,0.00125,0.231,0.14692,0.2867,-0.0558,-0.19463,0.9302
20260909,P2R-30,128000,16.9658,1.9134,0.9096,0.8807,0.40999,0.00107,0.3411,0.21694,0.435,-0.0939,-0.21586,0.9389
20260909,P2R-100,128000,16.9658,1.9799,0.9661,0.9343,0.47652,0.00098,0.4076,0.25924,0.5224,-0.1147,-0.21956,0.9417
20260909,P0,256000,17.9658,1.4953,0.0401,0.0545,0.0,0.00087,,,,,,
20260909,P1,256000,17.9658,2.1269,0.9965,1.0,0.68867,0.00031,0.6315,0.42232,1.0983,-0.4667,-0.42493,0.9856
20260909,P2G-10,256000,17.9658,1.7579,0.6795,0.687,0.32356,0.00066,0.2626,0.17562,0.3288,-0.0662,-0.20134,0.8582
20260909,P2G-30,256000,17.9658,1.8631,0.9147,0.9203,0.44803,0.00053,0.3677,0.2459,0.4701,-0.1024,-0.21783,0.8754
20260909,P2G-100,256000,17.9658,1.9017,0.9884,0.9891,0.4891,0.00051,0.4064,0.27178,0.524,-0.1177,-0.22462,0.8821
20260909,P2R-10,256000,17.9658,1.7421,0.6755,0.6519,0.27958,0.00068,0.2468,0.16505,0.2867,-0.04,-0.13952,0.9528
20260909,P2R-30,256000,17.9658,1.8623,0.902,0.8684,0.40999,0.00056,0.3669,0.24537,0.435,-0.0681,-0.15655,0.9561
20260909,P2R-100,256000,17.9658,1.9338,0.9628,0.926,0.47652,0.0005,0.4385,0.29325,0.5224,-0.0839,-0.1606,0.9561
