rank,surface,count,share,cum_share,tags
1,는,617076,0.09941282770173446,0.09941282770173446,ETM:344989|JX:272087
2,을,566778,0.09130966632818915,0.1907224940299236,JKO:528255|ETM:38519|ETN:2|JX:2
3,의,453943,0.07313160331208546,0.26385409734200904,JKG:453802|JKB:111|EC:30
4,에,410442,0.06612345939163942,0.3299775567336485,JKB:410396|JKG:26|EC:19|EF:1
5,이,340644,0.0548787884792629,0.3848563452129114,JKS:330835|JKC:9787|EC:12|ETN:8|EP:2
6,를,335059,0.053979027926730976,0.4388353731396424,JKO:334979|JX:69|EC+JKO:9|EF:2
7,은,324916,0.05234495965737891,0.4911803327970213,JX:227363|ETM:97553
8,다,284072,0.0457648665494803,0.5369451993465015,EF:253857|EC:29672|JX:543
9,고,272051,0.0438282467460808,0.5807734460925824,EC:264799|JKQ:7247|JC:5
10,가,226075,0.03642137276878313,0.6171948188613655,JKS:221040|JKC:4761|JX:264|EC:5|EF:5
11,으로,170554,0.027476770147990874,0.6446715890093564,JKB:170539|ETN+JKB:11|EC:4
12,에서,159950,0.02576843337107978,0.6704400223804362,JKB:159949|JKC:1
13,로,134543,0.021675288096562592,0.6921153104769987,JKB:134506|EC:34|EF:3
14,습니다,127412,0.02052646222367,0.7126417727006688,EF:126966|EC:446
15,도,124640,0.020079884559996146,0.7327216572606648,JX:124136|EC:504
16,과,118583,0.019104083366319184,0.751825740626984,JC:90509|JKB:28059|ETN+JKB:15
17,기,99782,0.016075184861726054,0.7679009254887101,ETN:99782
18,게,90776,0.014624290763945846,0.782525216252656,EC:90676|JKB:98|EF:2
19,와,83580,0.013464993192590483,0.7959902094452465,JC:63187|JKB:20378|EC:15
20,지,73766,0.01188392782776537,0.8078741372730118,EC:71885|EF:1881
21,었,68357,0.011012521412609569,0.8188866586856214,EP:68357
22,어,68013,0.01095710196228352,0.8298437606479049,EC:64900|EF:3106|EP:7
23,면,56680,0.009131321059536117,0.8389750817074411,EC:56677|JX:3
24,며,47005,0.007572649019116005,0.8465477307265571,EC:46992|JC:13
25,여,41277,0.006649850729965989,0.853197581456523,EC:41044|EF:108|JKV:101|JKS+EF:24
26,에게,35438,0.005709170001902627,0.8589067514584257,JKB:35438
27,만,32448,0.005227471872615171,0.8641342233310408,JX:32412|EP+EC:34|EF:2
28,까지,31440,0.0050650799949155875,0.8691993033259564,JX:31440
29,지만,30362,0.004891410903486866,0.8740907142294433,EC:30362
30,아,29720,0.004787982743285345,0.8788786969727287,EC:28669|JKV:625|EF:426
31,던,29513,0.0047546344112577524,0.8836333313839864,ETM:29505|EC:7|ETN:1
32,았,25009,0.0040290262593143744,0.8876623576433008,EP:25009
33,겠,23080,0.0037182584695499925,0.8913806161128508,EP:23070|EC:9|EF:1
34,시,23034,0.003710847729099416,0.8950914638419502,EP:23034
35,다고,22269,0.003587603893345268,0.8986790677352955,EC:21913|EF:356
36,면서,22057,0.003553450046051308,0.9022325177813467,EC:22057
37,는데,20872,0.0033625429279223328,0.9055950607092691,EC:20083|EF:789
38,다는,20466,0.0032971350882933337,0.9088921957975624,ETM:20459|EC:7
39,부터,19834,0.0031953179586245474,0.9120875137561869,JX:19834
40,나,17838,0.0028737562642908478,0.9149612700204778,JC:10036|JX:4528|EC:1886|EF:1388
41,라,17704,0.0028521684551522128,0.91781343847563,EC:16313|EF:1389|JKQ:2
42,도록,17589,0.002833641604025772,0.9206470800796558,EC:17541|EF:48
43,라고,16023,0.002581354222599633,0.9232284343022554,EC:12735|JKQ:3134|EF:154
44,이나,15305,0.002465682230349334,0.9256941165326048,JC:13738|JX:1563|EC:4
45,거나,15265,0.0024592381082183985,0.9281533546408232,EC:15220|JX:38|JKB:5|EF:2
46,으며,15029,0.0024212177876458767,0.9305745724284691,EC:15007|EF:22
47,보다,14852,0.0023927025472164857,0.9329672749756855,JKB:14852
48,세요,11787,0.0018989216889335253,0.934866196664619,EP+EF:11780|EP+EC:7
49,서,11626,0.0018729840973565083,0.9367391807619756,EC:5831|JKB:5698|JKS:97
50,라는,10907,0.0017571510020529361,0.9384963317640285,ETM:10905|JX:1|EC:1
51,어요,10669,0.001718808475373868,0.9402151402394023,EF:10664|EC:5
52,음,10514,0.0016938375021164913,0.9419089777415188,ETN:10428|EC:86
53,니,10508,0.001692870883796851,0.9436018486253157,EC:9916|EF:420|JC:172
54,였,10146,0.0016345515785118813,0.9452364002038276,EP:10143|EC:3
55,는지,9512,0.001532412242736548,0.9467688124465641,EC:9276|EF:236
56,처럼,9294,0.0014972917771229476,0.9482661042236871,JKB:9294
57,자,9011,0.0014516996130465763,0.9497178038367337,EC:6337|EF:2674
58,다면,9006,0.0014508940977802094,0.9511686979345139,EC:8719|EF:287
59,죠,8379,0.0013498824833777898,0.9525185804178916,EF:8365|EC:14
60,으면,8288,0.0013352221055299106,0.9538538025234216,EC:8264|EF:24
61,어서,8220,0.0013242670979073197,0.9551780696213289,EC:8220
62,신,6030,0.0009714514112385812,0.9561495210325675,EP+ETM:6029|EC:1
63,어야,6022,0.000970162586812394,0.9571196836193798,EC:6012|EF:10
64,는다,6011,0.0009683904532263867,0.9580880740726062,EF:5191|EC:817|ETM:3
65,네요,5899,0.0009503469112597662,0.959038420983866,EF:5052|EC:847
66,십시오,5706,0.0009192540219780007,0.9599576750058441,EP+EF:5296|EP+EC:398|EF:12
67,실,5348,0.0008615791289061247,0.9608192541347501,EP+ETM:5305|EC:43
68,는데요,4771,0.000768622667167375,0.9615878768019175,EF:4488|EC:283
69,다가,4710,0.0007587953809176978,0.9623466721828352,EC:4521|JX:187|JKB:1|JKB+JX+JKS:1
70,야,4578,0.0007375297778856094,0.9630842019607209,EC:3000|EF:689|JX:682|JKV:207
71,셨,4515,0.0007273802855293854,0.9638115822462502,EP+EP:4511|EC:4
72,로부터,4428,0.0007133643198945999,0.9645249465661448,JKB:4424|JX:4
73,고자,4376,0.0007049869611243833,0.9652299335272692,EC:4374|EF:2
74,마다,4188,0.0006746995871089848,0.9659046331143781,JX:4188
75,로서,4095,0.0006597170031545588,0.9665643501175327,JKB:4095
76,려면,3862,0.0006221799917418575,0.9671865301092746,EC:3711|EF:151
77,아서,3804,0.0006128360146520005,0.9677993661239266,EC:3804
78,엔,3749,0.0006039753467219637,0.9684033414706485,JKB+JX:3742|JKB+ETM:7
79,께서,3638,0.0005860929078086167,0.9689894343784572,JKS:3631|JKB:7
80,요,3491,0.0005624107589774274,0.9695518451374346,JX:2367|EC:804|EF:320
81,란,3475,0.000559833110125053,0.9701116782475596,ETM:2300|JX:1068|EF:54|ETN:47|EC:6
82,므로,3464,0.0005580609765390457,0.9706697392240987,EC:3453|EF:11
83,아야,3429,0.0005524223696744768,0.9712221615937732,EC:3420|EF:9
84,으로써,3378,0.0005442061139575336,0.9717663677077307,JKB:3378
85,려고,3286,0.0005293846330563811,0.9722957523407871,EC:3271|EF:15
86,으니,3259,0.0005250348506179994,0.9728207871914051,EC:3194|EF:65
87,아요,3171,0.0005108577819299405,0.973331644973335,EF:2819|EC:352
88,을까,3146,0.0005068302055981056,0.9738384751789332,EF:2078|EC:1068
89,길,3077,0.0004957140949222411,0.9743341892738554,ETN+JKO:3068|ETN+ETM:9
90,뿐,3061,0.0004931364460698668,0.9748273257199253,JX:3061
91,나요,3033,0.0004886255605782118,0.9753159512805034,EF:2922|EC:111
92,습니까,2936,0.00047299856441069226,0.9757889498449142,EF:2895|EC:41
93,더라도,2807,0.00045221627053842415,0.9762411661154525,EC:2801|EF:6
94,께,2755,0.0004438389117682075,0.9766850050272208,JKB:2703|EC:47|EF:4|JX:1
95,려는,2610,0.000420478969043565,0.9771054839962643,ETM:2608|EC:2
96,라면,2597,0.00041838462935101086,0.9775238686256154,EC:2554|EF:41|JX:2
97,으로서,2526,0.0004069463125685997,0.9779308149381839,JKB:2526
98,는가,2525,0.0004067852095153263,0.9783376001476993,EF:1601|EC:924
99,대로,2326,0.0003747257019139204,0.9787123258496132,JX:1722|JKB:604
100,으나,2276,0.00036667054925025057,0.9790789963988634,EC:2257|EF:17|JX:2
101,든,2211,0.00035619885078747975,0.979435195249651,EC:2104|JX:78|EF:18|JC:7|ETM:4
102,으로부터,2149,0.0003462104614845292,0.9797814057111355,JKB:2149
103,지요,2108,0.00033960523630031995,0.9801210109474358,EF:2014|EC:94
104,으므로,2005,0.0003230116218131601,0.9804440225692489,EC:1998|EF:7
105,어도,1925,0.00031012337755128834,0.9807541459468002,EC:1911|JX:10|EF:4
106,여야,1915,0.0003085123470185544,0.9810626582938188,EC:1915
107,밖에,1912,0.0003080290378587342,0.9813706873316775,JX:1911|EC:1
108,이라고,1850,0.00029804064855578363,0.9816687279802333,JKQ:1850
109,러,1822,0.00029352976306412854,0.9819622577432974,EC:1812|EF:10
110,긴,1766,0.0002845079920808183,0.9822467657353783,ETN+JX:1764|EF:2
111,셔야,1754,0.00028257475544153757,0.9825293404908197,EP+EC:1751|EP+EF:3
112,셔서,1708,0.0002751640149909613,0.9828045045058107,EP+EC:1696|EP+EF:12
113,라며,1676,0.0002700087172862126,0.9830745132230969,EC:1669|EF:7
114,니까,1645,0.00026501452263473735,0.9833395277457317,EC:1644|EF:1
115,으시,1602,0.00025808709134398126,0.9835976148370756,EP:1596|EC:6
116,느냐,1555,0.00025051524784013165,0.9838481300849158,EC:833|EF:722
117,듯,1488,0.00023972134327081407,0.9840878514281867,EC:1472|EF:16
118,에요,1462,0.00023553266388570576,0.9843233840920723,EF:1448|EC:9|JX:5
119,려,1461,0.00023537156083243237,0.9845587556529047,EC:1457|EF:4
120,에선,1442,0.00023231060282023782,0.984791066255725,JKB+JX:1442
121,은데,1422,0.0002290885417547699,0.9850201547974797,EC:1261|EF:161
122,더니,1417,0.0002282830264884029,0.9852484378239682,EC:1416|ETM:1
123,만큼,1416,0.00022812192343512952,0.9854765597474033,JKB:1409|JX:7
124,으면서,1405,0.00022634978984912215,0.9857029095372524,EC:1395|EF:10
125,고요,1399,0.0002253831715294818,0.9859282927087819,EF:1313|EC:86
126,아도,1396,0.00022489986236966158,0.9861531925711515,EC:1392|EF:4
127,답니다,1381,0.00022248331657056064,0.9863756758877221,EF:1143|EC:238
128,듯이,1359,0.0002189390493985459,0.9865946149371206,EC:1345|EF:14
129,라도,1358,0.00021877794634527251,0.9868133928834659,EC:1293|JX:64|EF:1
130,냐,1318,0.00021233382421433666,0.9870257267076803,EC:679|EF:639
131,랑,1300,0.0002094339692554155,0.9872351606769357,JKB:841|JC:454|EC:5
132,으신,1206,0.00019429028224771623,0.9874294509591834,EP+ETM:1202|EC:4
133,기에,1205,0.00019412917919444284,0.9876235801383778,EC:1167|EF:38
134,네,1162,0.0001872017479036868,0.9878107818862816,EF:1047|EC:115
135,루,1142,0.00018397968683821886,0.9879947615731197,JKB:1139|JX:3
136,을까요,1109,0.00017866328608019677,0.9881734248592,EF:1070|EC:39
137,조차,1050,0.00016915820593706637,0.988342583065137,JX:1048|JKB:2
138,을지,1034,0.00016658055708469204,0.9885091636222217,EC:1000|EF:29|ETM:5
139,구요,1023,0.00016480842349868467,0.9886739720457204,EF:1017|EC:6
140,거든요,1010,0.00016271408380613052,0.9888366861295266,EF:1006|JX:3|EC:1
141,자면,1007,0.00016223077464631034,0.9889989169041729,EC:967|EF:40
142,링,974,0.00015691437388828825,0.9891558312780612,JKO:974
143,는다는,946,0.00015240348839663315,0.9893082347664578,ETM:946
144,더군요,945,0.00015224238534335973,0.9894604771518011,EF:855|EC:90
145,더라구요,942,0.00015175907618353955,0.9896122362279847,EF:868|EC:74
146,한테,938,0.00015111466397044597,0.9897633508919551,JKB:938
147,이란,911,0.00014676488153206427,0.9899101157734872,JX:910|ETM:1
148,다며,885,0.00014257620214695594,0.9900526919756342,EC:815|EF:70
149,곤,871,0.0001403207594011284,0.9901930127350352,EC:868|EC+JX:2|EC+ETM:1
150,로써,849,0.00013677649222911366,0.9903297892272643,JKB:849
151,였으며,840,0.00013532656474965311,0.990465115792014,EP+EC:840
152,되,834,0.00013435994643001272,0.9905994757384441,EC:832|EF:2
153,구,790,0.00012727141208598327,0.99072674715053,EC:768|EF:22
154,더라고요,785,0.0001264658968196163,0.9908532130473496,EF:710|EC:75
155,더라,764,0.00012308273270087496,0.9909762957800505,EF:410|EC:354
156,으실,762,0.00012276052659432817,0.9910990563066449,EP+ETM:753|EC:9
157,는다면,757,0.00012195501132796119,0.9912210113179728,EC:731|EF:26
158,자는,752,0.0001211494960615942,0.9913421608140344,ETM:752
159,에게서,751,0.00012098839300832081,0.9914631492070427,JKB:751
160,진,709,0.00011422206477083815,0.9915773712718136,EC+JX:709
161,마저,635,0.00010230043882860681,0.9916796717106422,JX:635
162,구나,607,9.77895533369517e-05,0.9917774612639791,EF:484|EC:123
163,든지,602,9.698403807058472e-05,0.9918744453020497,JX:335|EC:259|EF:6|JC:2
164,하고,599,9.650072891076454e-05,0.9919709460309605,JKB:275|JC:187|JKQ:136|EC:1
165,는다고,590,9.505080143130396e-05,0.9920659968323917,EC:578|EF:12
166,자마자,587,9.456749227148378e-05,0.9921605643246633,EC:586|EF:1
167,에서부터,571,9.198984341910943e-05,0.9922525541680823,JKB:571
168,군요,551,8.87677823536415e-05,0.992341321950436,EF:483|EC:68
169,고서,547,8.812337014054791e-05,0.9924294453205765,EC:535|EF:12
170,이랑,544,8.764006098072773e-05,0.9925170853815573,JC:290|JKB:254
171,자고,530,8.538461823490017e-05,0.9926024699997922,EC:509|EF:21
172,리라,525,8.457910296853319e-05,0.9926870491027607,EC:381|EF:144
173,소서,504,8.119593884979187e-05,0.9927682450416105,EF:406|EC:98
174,에겐,502,8.087373274324506e-05,0.9928491187743538,JKB+JX:502
175,오니,497,8.006821747687809e-05,0.9929291869918306,EC:497
176,오,484,7.797387778432393e-05,0.9930071608696149,EC:242|EF:197|JC:40|EP:5
177,으니까,483,7.781277473105053e-05,0.993084973644346,EC:407|EF:76
178,겟,481,7.749056862450374e-05,0.9931624642129705,EC:259|EP:222
179,으십시오,476,7.668505335813676e-05,0.9932391492663286,EP+EP+EF:434|EP+EP+EC:42
180,건,471,7.587953809176977e-05,0.9933150288044205,EC:467|JX:2|EF:2
181,으려면,466,7.507402282540279e-05,0.9933901028272458,EC:452|EF:14
182,셔도,464,7.4751816718856e-05,0.9934648546439647,EP+EC:464
183,라서,452,7.281858007957524e-05,0.9935376732240443,EC:432|EF:19|JX:1
184,움,452,7.281858007957524e-05,0.9936104918041239,EC:452
185,느라,447,7.201306481320826e-05,0.993682504868937,EC:446|EF:1
186,입니다,431,6.943541596083391e-05,0.9937519402848979,EP+EF:431
187,십니다,425,6.846879764119353e-05,0.9938204090825391,EP+EF:409|EP+EC:16
188,다니,405,6.52467365757256e-05,0.9938856558191148,EC:259|EF:146
189,심,399,6.428011825608522e-05,0.9939499359373709,EP+ETN:368|EP+EC:31
190,두,393,6.331349993644484e-05,0.9940132494373073,JX:389|EC:3|EF:1
191,신다면,389,6.266908772335125e-05,0.9940759185250306,EP+EC:389
192,였을,382,6.154136635043748e-05,0.9941374598913811,EP+ETM:382
193,은지,374,6.025254192425031e-05,0.9941977124333053,EC:359|EF:15
194,으려고,369,5.944702665788333e-05,0.9942571594599632,EC:364|EF:5
195,은데요,368,5.928592360460993e-05,0.9943164453835679,EF:347|EC:21
196,냐는,366,5.896371749806314e-05,0.9943754091010659,ETM:366
197,을수록,359,5.7835996125149364e-05,0.9944332450971911,EC:359
198,으세요,357,5.751379001860257e-05,0.9944907588872096,EF:267|EC:86|EP+EP+EC:4
199,니까요,348,5.6063862539142e-05,0.9945468227497488,EF:318|EC:30
200,옵,343,5.5258347272775015e-05,0.9946020810970215,EP:333|EC:10
201,냐고,338,5.445283200640804e-05,0.994656533929028,EC:310|EF:25|JKB:3
202,같이,333,5.364731674004105e-05,0.994710181245768,JKB:333
203,니라,324,5.219738926058048e-05,0.9947623786350286,EC:264|EF:60
204,션,304,4.897532819511255e-05,0.9948113539632237,EC:304
205,레,304,4.897532819511255e-05,0.9948603292914189,JKS:166|EC:138
206,단,303,4.8814225141839156e-05,0.9949091435165607,ETM:297|EC+JX:5|EC:1
207,랍니다,299,4.816981292874557e-05,0.9949573133294894,EF:254|EC:45
208,였으나,299,4.816981292874557e-05,0.9950054831424182,EP+EC:299
209,길래,296,4.768650376892538e-05,0.9950531696461871,EC:276|ETN+EF:15|EF:5
210,다시피,288,4.639767934273821e-05,0.9950995673255298,EC:286|EF:2
211,십니까,270,4.349782438381707e-05,0.9951430651499137,EP+EF:256|EP+EC:14
212,게끔,265,4.2692309117450086e-05,0.995185757459031,EC:264|EF:1
213,어라,259,4.1725690797809706e-05,0.9952274831498289,EF:153|EC:106
214,드,256,4.124238163798952e-05,0.9952687255314668,EC:237|EP:19
215,던데,254,4.092017553144272e-05,0.9953096457069983,EC:164|EF:90
216,느니라,251,4.043686637162253e-05,0.99535008257337,EC:190|EF:61
217,던가,245,3.947024805198215e-05,0.9953895528214219,EF:175|EC:70
218,소,245,3.947024805198215e-05,0.9954290230694739,EF:157|EC:88
219,아라,245,3.947024805198215e-05,0.9954684933175258,EF:133|EC:112
220,으려,243,3.9148041945435364e-05,0.9955076413594713,EC:243
221,이야말로,241,3.882583583888857e-05,0.9955464671953103,JX:241
222,으러,240,3.8664732785615175e-05,0.9955851319280958,EC:240
223,여서는,239,3.8503629732341774e-05,0.9956236355578282,EC+JX:239
224,으니까요,233,3.7537011412701394e-05,0.9956611725692409,EF:215|EC:18
225,이라도,233,3.7537011412701394e-05,0.9956987095806535,JX:233
226,으려는,230,3.7053702252881205e-05,0.9957357632829065,ETM:227|EC:3
227,은가,222,3.576487782669404e-05,0.9957715281607331,EF:162|EC:60
228,질,221,3.5603774773420636e-05,0.9958071319355066,EC+JX:205|EC+JKO:16
229,여도,219,3.528156866687385e-05,0.9958424135041735,EC:219
230,으셨,217,3.495936256032705e-05,0.9958773728667338,EP+EP:209|EP+EP+EC:8
231,신다,217,3.495936256032705e-05,0.9959123322292941,EP+EF:175|EP+EC:42
232,으리라,216,3.479825950705366e-05,0.9959471304888011,EC:147|EF:69
233,거든,213,3.431495034723347e-05,0.9959814454391483,EF:176|EC:37
234,이나마,212,3.415384729396007e-05,0.9960155992864423,JX:212
235,도다,212,3.415384729396007e-05,0.9960497531337363,EF:146|EC:66
236,나니,207,3.334833202759309e-05,0.996083101465764,EC:203|EF:4
237,잖아,206,3.318722897431969e-05,0.9961162886947382,EF:146|EC:60
238,에다,193,3.1092889281765535e-05,0.9961473815840199,JKB:192|EC:1
239,라면서,192,3.093178622849214e-05,0.9961783133702485,EC:191|EF:1
240,나마,190,3.0609580121945346e-05,0.9962089229503704,JX:173|EC:17
241,는군요,186,2.996516790885176e-05,0.9962388881182793,EF:161|EC:25
242,고는,181,2.9159652642484777e-05,0.9962680477709218,EC:181
243,다면서,181,2.9159652642484777e-05,0.9962972074235642,EC:156|EF:25
244,보단,180,2.899854958921138e-05,0.9963262059731535,JKB+JX:180
245,마,177,2.851524042939119e-05,0.9963547212135828,JX:96|EC:65|EF:16
246,으론,177,2.851524042939119e-05,0.9963832364540123,JKB+JX:177
247,예요,176,2.8354137376117792e-05,0.9964115905913884,EF:110|EC:66
248,우,175,2.8193034322844398e-05,0.9964397836257112,JKG:121|EC:27|EP:15|EF:8|EP+EF:4
249,엘,175,2.8193034322844398e-05,0.9964679766600341,JKB+JKO:175
250,여서,167,2.6904209896657223e-05,0.9964948808699308,EC:167
251,았었,165,2.658200379011043e-05,0.9965214628737208,EP:165
252,는구나,165,2.658200379011043e-05,0.9965480448775109,EF:89|EC:76
253,더라면,160,2.577648852374345e-05,0.9965738213660347,EC:155|EF:5
254,리,159,2.5615385470470052e-05,0.9965994367515052,EP:123|EC:20|EF:16
255,더러,158,2.5454282417196654e-05,0.9966248910339224,JKB:158
256,슈,154,2.480987020410307e-05,0.9966497009041264,EC:132|EF:21|EP+EC:1
257,까,150,2.4165457991009483e-05,0.9966738663621174,EC:103|EF:47
258,나이다,147,2.3682148831189294e-05,0.9966975485109486,EF:84|EC:63
259,안,146,2.3521045777915896e-05,0.9967210695567266,ETM:133|EF:10|EC:3
260,느냐는,146,2.3521045777915896e-05,0.9967445906025044,ETM:146
261,으,144,2.3198839671369104e-05,0.9967677894421758,JKG:45|EC:37|EP:36|EF:26
262,니다,143,2.3037736618095706e-05,0.996790827178794,EF:104|EC:39
263,으라고,142,2.2876633564822312e-05,0.9968137038123588,EC:138|EF:4
264,으셔도,138,2.2232221351728725e-05,0.9968359360337105,EP+EC:138
265,리니,136,2.1910015245181933e-05,0.9968578460489557,EC:133|EF:3
266,던지,135,2.1748912191908535e-05,0.9968795949611475,EC:104|EF:31
267,라니,132,2.1265603032088346e-05,0.9969008605641797,EC:76|EF:56
268,울,131,2.1104499978814948e-05,0.9969219650641585,JKO:86|EC:45
269,단다,128,2.062119081899476e-05,0.9969425862549774,EF:120|EC:8
270,노라,126,2.0298984712447966e-05,0.9969628852396899,EC:95|EF:31
271,바,123,1.9815675552627777e-05,0.9969827009152425,EC:123
272,었었,123,1.9815675552627777e-05,0.9970025165907952,EP:123
273,라기,123,1.9815675552627777e-05,0.9970223322663478,ETN:123
274,는지요,123,1.9815675552627777e-05,0.9970421479419005,EF:117|EC:6
275,다거나,120,1.9332366392807587e-05,0.9970614803082932,EC:118|EF:2
276,케,117,1.8849057232987398e-05,0.9970803293655263,EC:117
277,으라,113,1.820464501989381e-05,0.9970985340105462,EC:93|EF:20
278,따,113,1.820464501989381e-05,0.997116738655566,EF:59|JKB:54
279,니깐,112,1.8043541966620413e-05,0.9971347821975326,EC:100|EF:12
280,군,112,1.8043541966620413e-05,0.9971528257394993,EF:81|EC:31
281,려던,111,1.788243891334702e-05,0.9971707081784126,ETM:111
282,랴,111,1.788243891334702e-05,0.997188590617326,EC:52|EF:37|JC:22
283,서부터,111,1.788243891334702e-05,0.9972064730562393,JKB:107|EC+JX:4
284,수록,110,1.772133586007362e-05,0.9972241943920994,EC:110
285,셔,109,1.7560232806800223e-05,0.9972417546249062,EP+EC:90|EP+EF:14|EC:5
286,매,109,1.7560232806800223e-05,0.997259314857713,EC:109
287,티,108,1.739912975352683e-05,0.9972767139874665,EC:108
288,느냐고,106,1.7076923646980034e-05,0.9972937909111135,EC:99|EF:7
289,다는데,104,1.675471754043324e-05,0.997310545628654,EC:80|EF:24
290,자니,103,1.6593614487159844e-05,0.9973271392431411,EC:101|EF:2
291,려니,101,1.6271408380613052e-05,0.9973434106515217,EC:100|EF:1
292,에다가,100,1.6110305327339654e-05,0.997359520956849,JKB:100
293,로되,98,1.5788099220792862e-05,0.9973753090560699,EC:98
294,선,95,1.5304790060972673e-05,0.9973906138461308,JKB+JX:82|EC+JX:13
295,신가요,94,1.5143687007699275e-05,0.9974057575331385,EP+EF:94
296,롤,94,1.5143687007699275e-05,0.9974209012201461,JKB:94
297,야말로,93,1.498258395442588e-05,0.9974358838041006,JX:93
298,려다,93,1.498258395442588e-05,0.997450866388055,EC:93
299,건만,92,1.4821480901152483e-05,0.9974656878689562,EC:81|EF:11
300,까진,91,1.4660377847879086e-05,0.9974803482468041,JX+JX:91
301,습니,88,1.4177068688058896e-05,0.9974945253154921,
302,러지,86,1.3854862581512104e-05,0.9975083801780736,
303,신다고,85,1.3693759528238706e-05,0.9975220739376018,
304,는지라,84,1.353265647496531e-05,0.9975356065940768,
305,더라고,83,1.3371553421691914e-05,0.9975489781474985,
306,잖아요,82,1.3210450368418517e-05,0.9975621885978669,
307,던데요,82,1.3210450368418517e-05,0.9975753990482353,
308,실까요,80,1.2888244261871725e-05,0.9975882872924973,
309,사,80,1.2888244261871725e-05,0.9976011755367591,
310,다고요,79,1.2727141208598327e-05,0.9976139026779677,
311,랄까,79,1.2727141208598327e-05,0.9976266298191763,
312,마는,79,1.2727141208598327e-05,0.997639356960385,
313,으십니다,78,1.2566038155324931e-05,0.9976519229985402,
314,는데도,77,1.2404935102051535e-05,0.9976643279336423,
315,신다는,77,1.2404935102051535e-05,0.9976767328687444,
316,지만은,75,1.2082728995504742e-05,0.9976888155977398,
317,란다,75,1.2082728995504742e-05,0.9977008983267354,
318,보고,75,1.2082728995504742e-05,0.9977129810557308,
319,래,74,1.1921625942231346e-05,0.9977249026816731,
320,겐,73,1.1760522888957948e-05,0.997736663204562,
321,였으니,73,1.1760522888957948e-05,0.997748423727451,
322,셨으니,72,1.1599419835684552e-05,0.9977600231472867,
323,쿠,71,1.1438316782411156e-05,0.9977714614640691,
324,려고요,71,1.1438316782411156e-05,0.9977828997808516,
325,어다,71,1.1438316782411156e-05,0.997794338097634,
326,거니와,70,1.1277213729137758e-05,0.997805615311363,
327,으셔야,69,1.1116110675864362e-05,0.997816731422039,
328,쥬,69,1.1116110675864362e-05,0.9978278475327148,
329,이야,68,1.0955007622590966e-05,0.9978388025403374,
330,려다가,67,1.0793904569317569e-05,0.9978495964449067,
331,남,67,1.0793904569317569e-05,0.997860390349476,
332,다기,67,1.0793904569317569e-05,0.9978711842540453,
333,라든지,67,1.0793904569317569e-05,0.9978819781586147,
334,엇,66,1.0632801516044173e-05,0.9978926109601307,
335,운,66,1.0632801516044173e-05,0.9979032437616467,
336,노,66,1.0632801516044173e-05,0.9979138765631628,
337,려는데,65,1.0471698462770775e-05,0.9979243482616256,
338,로선,65,1.0471698462770775e-05,0.9979348199600884,
339,려구요,65,1.0471698462770775e-05,0.9979452916585511,
340,관,65,1.0471698462770775e-05,0.9979557633570139,
341,랄,65,1.0471698462770775e-05,0.9979662350554767,
342,는커녕,65,1.0471698462770775e-05,0.9979767067539395,
343,리라고,64,1.031059540949738e-05,0.9979870173493489,
344,어야지,64,1.031059540949738e-05,0.9979973279447584,
345,거,63,1.0149492356223983e-05,0.9980074774371146,
346,뇨,63,1.0149492356223983e-05,0.9980176269294708,
347,느니,63,1.0149492356223983e-05,0.998027776421827,
348,다네요,62,9.988389302950586e-06,0.99803776481113,
349,샤,62,9.988389302950586e-06,0.9980477532004329,
350,대요,62,9.988389302950586e-06,0.9980577415897359,
351,이라든가,62,9.988389302950586e-06,0.9980677299790389,
352,셔요,61,9.82728624967719e-06,0.9980775572652886,
353,냐며,60,9.666183196403794e-06,0.998087223448485,
354,저,60,9.666183196403794e-06,0.9980968896316814,
355,으라는,59,9.505080143130396e-06,0.9981063947118245,
356,디,58,9.343977089857e-06,0.9981157386889143,
357,으셔서,57,9.182874036583604e-06,0.998124921562951,
358,거라,57,9.182874036583604e-06,0.9981341044369875,
359,였음에도,57,9.182874036583604e-06,0.9981432873110241,
360,노라면,56,9.021770983310206e-06,0.9981523090820074,
361,약,56,9.021770983310206e-06,0.9981613308529907,
362,데,55,8.86066793003681e-06,0.9981701915209208,
363,려나,55,8.86066793003681e-06,0.9981790521888508,
364,사오니,54,8.699564876763414e-06,0.9981877517537275,
365,면은,54,8.699564876763414e-06,0.9981964513186043,
366,리라는,53,8.538461823490017e-06,0.9982049897804278,
367,으셨던,53,8.538461823490017e-06,0.9982135282422513,
368,다던,53,8.538461823490017e-06,0.9982220667040748,
369,락,52,8.37735877021662e-06,0.998230444062845,
370,노니,52,8.37735877021662e-06,0.9982388214216152,
371,야지,52,8.37735877021662e-06,0.9982471987803855,
372,까요,52,8.37735877021662e-06,0.9982555761391556,
373,다지만,52,8.37735877021662e-06,0.9982639534979258,
374,이라든지,52,8.37735877021662e-06,0.9982723308566961,
375,십시요,52,8.37735877021662e-06,0.9982807082154663,
376,완,52,8.37735877021662e-06,0.9982890855742366,
377,라든가,51,8.216255716943225e-06,0.9982973018299535,
378,어서다,51,8.216255716943225e-06,0.9983055180856704,
379,용,50,8.055152663669827e-06,0.9983135732383341,
380,대,50,8.055152663669827e-06,0.9983216283909978,
381,누,50,8.055152663669827e-06,0.9983296835436615,
382,였음을,50,8.055152663669827e-06,0.9983377386963251,
383,어서요,49,7.894049610396431e-06,0.9983456327459355,
384,음직,49,7.894049610396431e-06,0.9983535267955459,
385,으랴,48,7.732946557123035e-06,0.998361259742103,
386,면서도,48,7.732946557123035e-06,0.9983689926886601,
387,런,47,7.571843503849638e-06,0.998376564532164,
388,덴,47,7.571843503849638e-06,0.9983841363756678,
389,거늘,46,7.410740450576242e-06,0.9983915471161184,
390,캉,46,7.410740450576242e-06,0.998398957856569,
391,였었,45,7.249637397302845e-06,0.9984062074939662,
392,든가,45,7.249637397302845e-06,0.9984134571313635,
393,라이,44,7.088534344029448e-06,0.9984205456657076,
394,튼,44,7.088534344029448e-06,0.9984276342000517,
395,여라,44,7.088534344029448e-06,0.9984347227343957,
396,슴,44,7.088534344029448e-06,0.9984418112687397,
397,세용,43,6.927431290756052e-06,0.9984487387000305,
398,네여,43,6.927431290756052e-06,0.9984556661313212,
399,습니다만,42,6.766328237482655e-06,0.9984624324595587,
400,니당,42,6.766328237482655e-06,0.9984691987877962,
401,거니,42,6.766328237482655e-06,0.9984759651160336,
402,쇼,42,6.766328237482655e-06,0.9984827314442711,
403,람,41,6.605225184209258e-06,0.9984893366694554,
404,어선,41,6.605225184209258e-06,0.9984959418946395,
405,다는데요,41,6.605225184209258e-06,0.9985025471198238,
406,을시,41,6.605225184209258e-06,0.998509152345008,
407,대지,41,6.605225184209258e-06,0.9985157575701922,
408,아야지,40,6.4441221309358624e-06,0.9985222016923231,
409,셧,40,6.4441221309358624e-06,0.9985286458144541,
410,더냐,40,6.4441221309358624e-06,0.998535089936585,
411,냐고요,40,6.4441221309358624e-06,0.9985415340587159,
412,다만,40,6.4441221309358624e-06,0.9985479781808468,
413,은가요,39,6.283019077662466e-06,0.9985542611999245,
414,다구요,39,6.283019077662466e-06,0.9985605442190022,
415,으셨다면,39,6.283019077662466e-06,0.9985668272380799,
416,으냐,38,6.121916024389069e-06,0.9985729491541042,
417,은커녕,38,6.121916024389069e-06,0.9985790710701287,
418,던지라,38,6.121916024389069e-06,0.998585192986153,
419,건대,37,5.960812971115673e-06,0.9985911537991241,
420,을지라도,37,5.960812971115673e-06,0.9985971146120952,
421,으십니까,37,5.960812971115673e-06,0.9986030754250664,
422,냐면,37,5.960812971115673e-06,0.9986090362380375,
423,온,37,5.960812971115673e-06,0.9986149970510086,
424,라는데,37,5.960812971115673e-06,0.9986209578639798,
425,류,37,5.960812971115673e-06,0.9986269186769509,
426,던가요,36,5.799709917842276e-06,0.9986327183868687,
427,였으므로,36,5.799709917842276e-06,0.9986385180967865,
428,는다며,36,5.799709917842276e-06,0.9986443178067044,
429,리이다,36,5.799709917842276e-06,0.9986501175166222,
430,읍니다,36,5.799709917842276e-06,0.99865591722654,
431,세,36,5.799709917842276e-06,0.9986617169364579,
432,머,36,5.799709917842276e-06,0.9986675166463758,
433,고야,36,5.799709917842276e-06,0.9986733163562935,
434,샷,36,5.799709917842276e-06,0.9986791160662114,
435,으라면,36,5.799709917842276e-06,0.9986849157761293,
436,마냥,35,5.638606864568879e-06,0.9986905543829938,
437,얼,35,5.638606864568879e-06,0.9986961929898585,
438,당,35,5.638606864568879e-06,0.998701831596723,
439,이여,34,5.477503811295483e-06,0.9987073091005343,
440,으리라고,34,5.477503811295483e-06,0.9987127866043456,
441,셨으며,34,5.477503811295483e-06,0.9987182641081569,
442,습니당,34,5.477503811295483e-06,0.9987237416119682,
443,데요,34,5.477503811295483e-06,0.9987292191157795,
444,라고도,34,5.477503811295483e-06,0.9987346966195907,
445,설,34,5.477503811295483e-06,0.998740174123402,
446,엣,33,5.316400758022086e-06,0.9987454905241601,
447,치고,33,5.316400758022086e-06,0.9987508069249181,
448,다네,33,5.316400758022086e-06,0.9987561233256761,
449,라고요,33,5.316400758022086e-06,0.9987614397264342,
450,제,32,5.15529770474869e-06,0.9987665950241389,
451,나이까,32,5.15529770474869e-06,0.9987717503218436,
452,다간,32,5.15529770474869e-06,0.9987769056195483,
453,느라고,32,5.15529770474869e-06,0.9987820609172531,
454,부턴,32,5.15529770474869e-06,0.9987872162149579,
455,몬,31,4.994194651475293e-06,0.9987922104096093,
456,먼,31,4.994194651475293e-06,0.9987972046042608,
457,사주,31,4.994194651475293e-06,0.9988021987989123,
458,리오,31,4.994194651475293e-06,0.9988071929935638,
459,웨,31,4.994194651475293e-06,0.9988121871882153,
460,하구,31,4.994194651475293e-06,0.9988171813828667,
461,어용,31,4.994194651475293e-06,0.9988221755775182,
462,로다,31,4.994194651475293e-06,0.9988271697721697,
463,렴,31,4.994194651475293e-06,0.9988321639668212,
464,담,31,4.994194651475293e-06,0.9988371581614727,
465,였음이,30,4.833091598201897e-06,0.9988419912530708,
466,려니와,30,4.833091598201897e-06,0.998846824344669,
467,ㄹ,30,4.833091598201897e-06,0.9988516574362672,
468,잘,30,4.833091598201897e-06,0.9988564905278654,
469,나다,30,4.833091598201897e-06,0.9988613236194637,
470,한테서,30,4.833091598201897e-06,0.9988661567110618,
471,오며,29,4.6719885449285e-06,0.9988708286996067,
472,리로다,29,4.6719885449285e-06,0.9988755006881517,
473,인,29,4.6719885449285e-06,0.9988801726766966,
474,다더라,29,4.6719885449285e-06,0.9988848446652415,
475,고선,29,4.6719885449285e-06,0.9988895166537864,
476,샬,29,4.6719885449285e-06,0.9988941886423314,
477,더라는,28,4.510885491655103e-06,0.9988986995278231,
478,으려나,28,4.510885491655103e-06,0.9989032104133148,
479,자며,28,4.510885491655103e-06,0.9989077212988063,
480,으로선,28,4.510885491655103e-06,0.998912232184298,
481,그,27,4.349782438381707e-06,0.9989165819667364,
482,꼬,27,4.349782438381707e-06,0.9989209317491748,
483,였으면,27,4.349782438381707e-06,0.9989252815316132,
484,신지,26,4.18867938510831e-06,0.9989294702109983,
485,린,26,4.18867938510831e-06,0.9989336588903834,
486,그레,26,4.18867938510831e-06,0.9989378475697684,
487,자구요,26,4.18867938510831e-06,0.9989420362491536,
488,구만,26,4.18867938510831e-06,0.9989462249285387,
489,이요,25,4.027576331834914e-06,0.9989502525048706,
490,실까,25,4.027576331834914e-06,0.9989542800812024,
491,릿,25,4.027576331834914e-06,0.9989583076575342,
492,으셨을,25,4.027576331834914e-06,0.998962335233866,
493,라우,25,4.027576331834914e-06,0.9989663628101979,
494,다구,25,4.027576331834914e-06,0.9989703903865297,
495,징,25,4.027576331834914e-06,0.9989744179628616,
496,으신다면,24,3.866473278561518e-06,0.9989782844361401,
497,라던가,24,3.866473278561518e-06,0.9989821509094187,
498,더,24,3.866473278561518e-06,0.9989860173826972,
499,라던지,24,3.866473278561518e-06,0.9989898838559758,
500,실지,24,3.866473278561518e-06,0.9989937503292544,
501,니이다,24,3.866473278561518e-06,0.998997616802533,
502,은즉,24,3.866473278561518e-06,0.9990014832758115,
503,아서요,24,3.866473278561518e-06,0.99900534974909,
504,얀,24,3.866473278561518e-06,0.9990092162223686,
505,유,24,3.866473278561518e-06,0.9990130826956471,
506,라곤,24,3.866473278561518e-06,0.9990169491689257,
507,더군,24,3.866473278561518e-06,0.9990208156422042,
508,룬,24,3.866473278561518e-06,0.9990246821154829,
509,모,24,3.866473278561518e-06,0.9990285485887614,
510,드락,24,3.866473278561518e-06,0.99903241506204,
511,손,23,3.705370225288121e-06,0.9990361204322653,
512,달까,23,3.705370225288121e-06,0.9990398258024905,
513,이라던가,23,3.705370225288121e-06,0.9990435311727158,
514,려야,23,3.705370225288121e-06,0.9990472365429411,
515,는답니다,23,3.705370225288121e-06,0.9990509419131665,
516,앗,23,3.705370225288121e-06,0.9990546472833917,
517,멘,23,3.705370225288121e-06,0.999058352653617,
518,그라,23,3.705370225288121e-06,0.9990620580238423,
519,셨었,23,3.705370225288121e-06,0.9990657633940676,
520,으리라는,23,3.705370225288121e-06,0.9990694687642928,
521,고도,22,3.544267172014724e-06,0.9990730130314649,
522,랄까요,22,3.544267172014724e-06,0.9990765572986369,
523,다니까,22,3.544267172014724e-06,0.999080101565809,
524,수다,22,3.544267172014724e-06,0.9990836458329809,
525,라네요,22,3.544267172014724e-06,0.9990871901001529,
526,여야만,22,3.544267172014724e-06,0.999090734367325,
527,래요,21,3.3831641187413276e-06,0.9990941175314437,
528,게라도,21,3.3831641187413276e-06,0.9990975006955625,
529,으셨어요,21,3.3831641187413276e-06,0.9991008838596812,
530,인즉,21,3.3831641187413276e-06,0.9991042670238,
531,으니깐,21,3.3831641187413276e-06,0.9991076501879187,
532,아서다,21,3.3831641187413276e-06,0.9991110333520374,
533,으려니,21,3.3831641187413276e-06,0.9991144165161562,
534,다면서요,21,3.3831641187413276e-06,0.9991177996802749,
535,리아,20,3.2220610654679312e-06,0.9991210217413403,
536,엿,20,3.2220610654679312e-06,0.9991242438024058,
537,는군,20,3.2220610654679312e-06,0.9991274658634712,
538,으리,20,3.2220610654679312e-06,0.9991306879245367,
539,고파,20,3.2220610654679312e-06,0.9991339099856023,
540,기엔,20,3.2220610654679312e-06,0.9991371320466677,
541,구먼,20,3.2220610654679312e-06,0.9991403541077332,
542,교,20,3.2220610654679312e-06,0.9991435761687987,
543,영,20,3.2220610654679312e-06,0.9991467982298641,
544,올,19,3.0609580121945344e-06,0.9991498591878762,
545,으신다,19,3.0609580121945344e-06,0.9991529201458885,
546,으셨으면,19,3.0609580121945344e-06,0.9991559811039007,
547,는고,19,3.0609580121945344e-06,0.9991590420619129,
548,으니라,19,3.0609580121945344e-06,0.999162103019925,
549,다던데,19,3.0609580121945344e-06,0.9991651639779373,
550,리만큼,19,3.0609580121945344e-06,0.9991682249359495,
551,다던지,19,3.0609580121945344e-06,0.9991712858939616,
552,이라던지,19,3.0609580121945344e-06,0.9991743468519738,
553,다죠,19,3.0609580121945344e-06,0.999177407809986,
554,랏,19,3.0609580121945344e-06,0.9991804687679983,
555,다든지,19,3.0609580121945344e-06,0.9991835297260104,
556,있,18,2.899854958921138e-06,0.9991864295809694,
557,야죠,18,2.899854958921138e-06,0.9991893294359283,
558,다느니,18,2.899854958921138e-06,0.9991922292908871,
559,께선,18,2.899854958921138e-06,0.9991951291458461,
560,젠,18,2.899854958921138e-06,0.999198029000805,
561,으려다,18,2.899854958921138e-06,0.999200928855764,
562,뿐이,18,2.899854958921138e-06,0.9992038287107229,
563,아지므로,18,2.899854958921138e-06,0.9992067285656818,
564,간,18,2.899854958921138e-06,0.9992096284206408,
565,윤,18,2.899854958921138e-06,0.9992125282755996,
566,실래요,18,2.899854958921138e-06,0.9992154281305585,
567,앙,18,2.899854958921138e-06,0.9992183279855175,
568,으련만,18,2.899854958921138e-06,0.9992212278404764,
569,러서는,18,2.899854958921138e-06,0.9992241276954353,
570,다나,18,2.899854958921138e-06,0.9992270275503943,
571,하,18,2.899854958921138e-06,0.9992299274053532,
572,민,17,2.7387519056477416e-06,0.9992326661572588,
573,믄,17,2.7387519056477416e-06,0.9992354049091645,
574,려느냐,17,2.7387519056477416e-06,0.9992381436610701,
575,으리니,17,2.7387519056477416e-06,0.9992408824129757,
576,으되,17,2.7387519056477416e-06,0.9992436211648814,
577,라지만,17,2.7387519056477416e-06,0.999246359916787,
578,을래,17,2.7387519056477416e-06,0.9992490986686927,
579,노라고,17,2.7387519056477416e-06,0.9992518374205983,
580,렀을,17,2.7387519056477416e-06,0.999254576172504,
581,라거나,17,2.7387519056477416e-06,0.9992573149244096,
582,렷,17,2.7387519056477416e-06,0.9992600536763153,
583,는대,17,2.7387519056477416e-06,0.9992627924282209,
584,진다,17,2.7387519056477416e-06,0.9992655311801266,
585,라야,17,2.7387519056477416e-06,0.9992682699320322,
586,언,17,2.7387519056477416e-06,0.9992710086839379,
587,얏,17,2.7387519056477416e-06,0.9992737474358435,
588,리요,17,2.7387519056477416e-06,0.9992764861877492,
589,려는지,17,2.7387519056477416e-06,0.9992792249396548,
590,랜,17,2.7387519056477416e-06,0.9992819636915605,
591,이웨,17,2.7387519056477416e-06,0.9992847024434661,
592,다길래,17,2.7387519056477416e-06,0.9992874411953717,
593,아용,17,2.7387519056477416e-06,0.9992901799472774,
594,보더,17,2.7387519056477416e-06,0.999292918699183,
595,간이,17,2.7387519056477416e-06,0.9992956574510887,
596,악,16,2.577648852374345e-06,0.9992982350999411,
597,옥,16,2.577648852374345e-06,0.9993008127487935,
598,더니만,16,2.577648852374345e-06,0.9993033903976458,
599,니아,16,2.577648852374345e-06,0.9993059680464982,
600,감,16,2.577648852374345e-06,0.9993085456953505,
601,냐구요,16,2.577648852374345e-06,0.9993111233442029,
602,라가,16,2.577648852374345e-06,0.9993137009930553,
603,는도다,16,2.577648852374345e-06,0.9993162786419078,
604,죵,16,2.577648852374345e-06,0.9993188562907601,
605,셰,16,2.577648852374345e-06,0.9993214339396125,
606,사옵니다,16,2.577648852374345e-06,0.9993240115884648,
607,으려던,16,2.577648852374345e-06,0.9993265892373172,
608,더랬,16,2.577648852374345e-06,0.9993291668861696,
609,의서,15,2.4165457991009484e-06,0.9993315834319687,
610,어질,15,2.4165457991009484e-06,0.9993339999777677,
611,므로써,15,2.4165457991009484e-06,0.9993364165235669,
612,로구나,15,2.4165457991009484e-06,0.999338833069366,
613,아선,15,2.4165457991009484e-06,0.9993412496151651,
614,여서도,15,2.4165457991009484e-06,0.9993436661609642,
615,무,15,2.4165457991009484e-06,0.9993460827067633,
616,으신지,15,2.4165457991009484e-06,0.9993484992525624,
617,다던가,15,2.4165457991009484e-06,0.9993509157983614,
618,히,15,2.4165457991009484e-06,0.9993533323441606,
619,지니,15,2.4165457991009484e-06,0.9993557488899597,
620,래도,15,2.4165457991009484e-06,0.9993581654357588,
621,다는군요,15,2.4165457991009484e-06,0.9993605819815579,
622,더이다,15,2.4165457991009484e-06,0.999362998527357,
623,수,15,2.4165457991009484e-06,0.9993654150731561,
624,다니요,15,2.4165457991009484e-06,0.9993678316189551,
625,라구,15,2.4165457991009484e-06,0.9993702481647543,
626,더라구,14,2.2554427458275516e-06,0.9993725036075001,
627,주,14,2.2554427458275516e-06,0.999374759050246,
628,느뇨,14,2.2554427458275516e-06,0.9993770144929918,
629,고라도,14,2.2554427458275516e-06,0.9993792699357376,
630,지의,14,2.2554427458275516e-06,0.9993815253784835,
631,다지요,14,2.2554427458275516e-06,0.9993837808212293,
632,러서야,14,2.2554427458275516e-06,0.999386036263975,
633,으실까,14,2.2554427458275516e-06,0.9993882917067209,
634,라니까,14,2.2554427458275516e-06,0.9993905471494667,
635,가지,14,2.2554427458275516e-06,0.9993928025922125,
636,렵니다,14,2.2554427458275516e-06,0.9993950580349584,
637,다라,14,2.2554427458275516e-06,0.9993973134777042,
638,리야,14,2.2554427458275516e-06,0.99939956892045,
639,욤,14,2.2554427458275516e-06,0.9994018243631959,
640,다오,14,2.2554427458275516e-06,0.9994040798059417,
641,신데,14,2.2554427458275516e-06,0.9994063352486875,
642,재,14,2.2554427458275516e-06,0.9994085906914334,
643,세여,14,2.2554427458275516e-06,0.9994108461341792,
644,한텐,14,2.2554427458275516e-06,0.999413101576925,
645,신다고요,13,2.094339692554155e-06,0.9994151959166175,
646,아야죠,13,2.094339692554155e-06,0.9994172902563101,
647,께로,13,2.094339692554155e-06,0.9994193845960027,
648,다면요,13,2.094339692554155e-06,0.9994214789356952,
649,답니당,13,2.094339692554155e-06,0.9994235732753878,
650,을런지,13,2.094339692554155e-06,0.9994256676150803,
651,들,13,2.094339692554155e-06,0.9994277619547729,
652,데이,13,2.094339692554155e-06,0.9994298562944655,
653,려구,13,2.094339692554155e-06,0.999431950634158,
654,더랬죠,13,2.094339692554155e-06,0.9994340449738506,
655,더만,13,2.094339692554155e-06,0.9994361393135431,
656,읍시다,13,2.094339692554155e-06,0.9994382336532357,
657,우려,13,2.094339692554155e-06,0.9994403279929283,
658,내,13,2.094339692554155e-06,0.9994424223326208,
659,을려고,13,2.094339692554155e-06,0.9994445166723134,
660,더이,13,2.094339692554155e-06,0.9994466110120059,
661,라구요,12,1.933236639280759e-06,0.9994485442486452,
662,돠,12,1.933236639280759e-06,0.9994504774852845,
663,리이까,12,1.933236639280759e-06,0.9994524107219237,
664,지니라,12,1.933236639280759e-06,0.999454343958563,
665,을가,12,1.933236639280759e-06,0.9994562771952022,
666,어야죠,12,1.933236639280759e-06,0.9994582104318416,
667,렸다,12,1.933236639280759e-06,0.9994601436684808,
668,으셨는데,12,1.933236639280759e-06,0.9994620769051201,
669,어다가,12,1.933236639280759e-06,0.9994640101417595,
670,려거든,12,1.933236639280759e-06,0.9994659433783987,
671,끔,12,1.933236639280759e-06,0.999467876615038,
672,라타,12,1.933236639280759e-06,0.9994698098516772,
673,서요,12,1.933236639280759e-06,0.9994717430883165,
674,라메,12,1.933236639280759e-06,0.9994736763249558,
675,드나,12,1.933236639280759e-06,0.9994756095615951,
676,지나,12,1.933236639280759e-06,0.9994775427982344,
677,련다,12,1.933236639280759e-06,0.9994794760348736,
678,슴니다,12,1.933236639280759e-06,0.999481409271513,
679,리란,11,1.772133586007362e-06,0.999483181405099,
680,냐면서,11,1.772133586007362e-06,0.9994849535386849,
681,염,11,1.772133586007362e-06,0.9994867256722709,
682,으셨다고,11,1.772133586007362e-06,0.9994884978058569,
683,게나,11,1.772133586007362e-06,0.999490269939443,
684,데로,11,1.772133586007362e-06,0.999492042073029,
685,능,11,1.772133586007362e-06,0.999493814206615,
686,라던,11,1.772133586007362e-06,0.999495586340201,
687,지만서도,11,1.772133586007362e-06,0.999497358473787,
688,혀,11,1.772133586007362e-06,0.999499130607373,
689,아다,11,1.772133586007362e-06,0.999500902740959,
690,드라구요,11,1.772133586007362e-06,0.999502674874545,
691,지며,11,1.772133586007362e-06,0.999504447008131,
692,라서요,11,1.772133586007362e-06,0.999506219141717,
693,려나요,11,1.772133586007362e-06,0.9995079912753031,
694,는다거나,11,1.772133586007362e-06,0.9995097634088891,
695,는디,11,1.772133586007362e-06,0.9995115355424751,
696,신데요,11,1.772133586007362e-06,0.9995133076760611,
697,인즉슨,11,1.772133586007362e-06,0.999515079809647,
698,으리요,11,1.772133586007362e-06,0.999516851943233,
699,시여,11,1.772133586007362e-06,0.9995186240768191,
700,우며,11,1.772133586007362e-06,0.9995203962104051,
701,아가,11,1.772133586007362e-06,0.9995221683439911,
702,으란,11,1.772133586007362e-06,0.9995239404775771,
703,녀,11,1.772133586007362e-06,0.9995257126111631,
704,넌,11,1.772133586007362e-06,0.9995274847447492,
705,다더니,10,1.6110305327339656e-06,0.9995290957752818,
706,는다든지,10,1.6110305327339656e-06,0.9995307068058146,
707,우니,10,1.6110305327339656e-06,0.9995323178363473,
708,건데,10,1.6110305327339656e-06,0.9995339288668801,
709,사고,10,1.6110305327339656e-06,0.9995355398974128,
710,으매,10,1.6110305327339656e-06,0.9995371509279455,
711,오신,10,1.6110305327339656e-06,0.9995387619584782,
712,랜다,10,1.6110305327339656e-06,0.999540372989011,
713,은지라,10,1.6110305327339656e-06,0.9995419840195437,
714,어든,10,1.6110305327339656e-06,0.9995435950500765,
715,잡,10,1.6110305327339656e-06,0.9995452060806091,
716,외다,10,1.6110305327339656e-06,0.9995468171111419,
717,료,10,1.6110305327339656e-06,0.9995484281416747,
718,신가,10,1.6110305327339656e-06,0.9995500391722074,
719,사대,10,1.6110305327339656e-06,0.9995516502027402,
720,께요,10,1.6110305327339656e-06,0.9995532612332728,
721,어는,10,1.6110305327339656e-06,0.9995548722638056,
722,멍,10,1.6110305327339656e-06,0.9995564832943383,
723,슴다,10,1.6110305327339656e-06,0.9995580943248711,
724,마따나,10,1.6110305327339656e-06,0.9995597053554038,
725,더란다,10,1.6110305327339656e-06,0.9995613163859366,
726,엉,10,1.6110305327339656e-06,0.9995629274164692,
727,을지언정,10,1.6110305327339656e-06,0.999564538447002,
728,신답니다,10,1.6110305327339656e-06,0.9995661494775347,
729,애,10,1.6110305327339656e-06,0.9995677605080675,
730,다면야,10,1.6110305327339656e-06,0.9995693715386003,
731,밖엔,10,1.6110305327339656e-06,0.9995709825691329,
732,드라,10,1.6110305327339656e-06,0.9995725935996657,
733,다곤,9,1.449927479460569e-06,0.9995740435271452,
734,나면,9,1.449927479460569e-06,0.9995754934546246,
735,서에,9,1.449927479460569e-06,0.999576943382104,
736,러서,9,1.449927479460569e-06,0.9995783933095835,
737,관대,9,1.449927479460569e-06,0.999579843237063,
738,려니까,9,1.449927479460569e-06,0.9995812931645425,
739,라자,9,1.449927479460569e-06,0.9995827430920219,
740,서야,9,1.449927479460569e-06,0.9995841930195014,
741,커녕,9,1.449927479460569e-06,0.9995856429469808,
742,닷,9,1.449927479460569e-06,0.9995870928744602,
743,으리로다,9,1.449927479460569e-06,0.9995885428019398,
744,으신데,9,1.449927479460569e-06,0.9995899927294192,
745,아만,9,1.449927479460569e-06,0.9995914426568987,
746,시요,9,1.449927479460569e-06,0.9995928925843781,
747,더랍니다,9,1.449927479460569e-06,0.9995943425118576,
748,문,9,1.449927479460569e-06,0.999595792439337,
749,던지요,9,1.449927479460569e-06,0.9995972423668165,
750,아지,9,1.449927479460569e-06,0.999598692294296,
751,는다니,9,1.449927479460569e-06,0.9996001422217754,
752,라네,9,1.449927479460569e-06,0.9996015921492549,
753,어지,9,1.449927479460569e-06,0.9996030420767343,
754,어가,9,1.449927479460569e-06,0.9996044920042139,
755,는바,9,1.449927479460569e-06,0.9996059419316933,
756,그러,9,1.449927479460569e-06,0.9996073918591727,
757,인들,9,1.449927479460569e-06,0.9996088417866522,
758,더라구여,9,1.449927479460569e-06,0.9996102917141316,
759,라더니,9,1.449927479460569e-06,0.9996117416416112,
760,뇌,9,1.449927479460569e-06,0.9996131915690906,
761,라요,9,1.449927479460569e-06,0.9996146414965701,
762,다리,9,1.449927479460569e-06,0.9996160914240495,
763,잔,9,1.449927479460569e-06,0.9996175413515289,
764,을걸요,9,1.449927479460569e-06,0.9996189912790084,
765,더랬다,9,1.449927479460569e-06,0.9996204412064879,
766,것,9,1.449927479460569e-06,0.9996218911339674,
767,로고,9,1.449927479460569e-06,0.9996233410614468,
768,지마는,8,1.2888244261871724e-06,0.999624629885873,
769,으소서,8,1.2888244261871724e-06,0.9996259187102992,
770,옵시,8,1.2888244261871724e-06,0.9996272075347253,
771,더면,8,1.2888244261871724e-06,0.9996284963591515,
772,라더라,8,1.2888244261871724e-06,0.9996297851835777,
773,셨으나,8,1.2888244261871724e-06,0.9996310740080039,
774,히다,8,1.2888244261871724e-06,0.9996323628324301,
775,맨,8,1.2888244261871724e-06,0.9996336516568562,
776,셨으리라,8,1.2888244261871724e-06,0.9996349404812824,
777,치만,8,1.2888244261871724e-06,0.9996362293057087,
778,한데,8,1.2888244261871724e-06,0.9996375181301349,
779,리다,8,1.2888244261871724e-06,0.9996388069545611,
780,으셨고,8,1.2888244261871724e-06,0.9996400957789873,
781,으면서도,8,1.2888244261871724e-06,0.9996413846034135,
782,셔야죠,8,1.2888244261871724e-06,0.9996426734278396,
783,느니만,8,1.2888244261871724e-06,0.9996439622522658,
784,어여,8,1.2888244261871724e-06,0.999645251076692,
785,다니까요,8,1.2888244261871724e-06,0.9996465399011182,
786,다고들,8,1.2888244261871724e-06,0.9996478287255444,
787,리온,8,1.2888244261871724e-06,0.9996491175499705,
788,거리,8,1.2888244261871724e-06,0.9996504063743967,
789,라라,8,1.2888244261871724e-06,0.9996516951988229,
790,아아,8,1.2888244261871724e-06,0.9996529840232491,
791,라니요,8,1.2888244261871724e-06,0.9996542728476753,
792,고잉,7,1.1277213729137758e-06,0.9996554005690482,
793,니이까,7,1.1277213729137758e-06,0.9996565282904211,
794,신지라,7,1.1277213729137758e-06,0.999657656011794,
795,으리란,7,1.1277213729137758e-06,0.999658783733167,
796,으셨다는,7,1.1277213729137758e-06,0.9996599114545398,
797,라던데,7,1.1277213729137758e-06,0.9996610391759128,
798,에여,7,1.1277213729137758e-06,0.9996621668972857,
799,습니다는,7,1.1277213729137758e-06,0.9996632946186585,
800,렀으며,7,1.1277213729137758e-06,0.9996644223400315,
801,다기에,7,1.1277213729137758e-06,0.9996655500614045,
802,욜,7,1.1277213729137758e-06,0.9996666777827773,
803,다든가,7,1.1277213729137758e-06,0.9996678055041502,
804,라마,7,1.1277213729137758e-06,0.9996689332255232,
805,치곤,7,1.1277213729137758e-06,0.999670060946896,
806,잖습니까,7,1.1277213729137758e-06,0.999671188668269,
807,는냐,7,1.1277213729137758e-06,0.9996723163896419,
808,는가요,7,1.1277213729137758e-06,0.9996734441110148,
809,일,7,1.1277213729137758e-06,0.9996745718323877,
810,으신다고,7,1.1277213729137758e-06,0.9996756995537607,
811,십쇼,7,1.1277213729137758e-06,0.9996768272751335,
812,을까란,7,1.1277213729137758e-06,0.9996779549965065,
813,으신가,7,1.1277213729137758e-06,0.9996790827178794,
814,래디,7,1.1277213729137758e-06,0.9996802104392523,
815,더가,7,1.1277213729137758e-06,0.9996813381606252,
816,루선,7,1.1277213729137758e-06,0.9996824658819982,
817,신지요,7,1.1277213729137758e-06,0.999683593603371,
818,으네,7,1.1277213729137758e-06,0.999684721324744,
819,구서,7,1.1277213729137758e-06,0.9996858490461169,
820,욧,7,1.1277213729137758e-06,0.9996869767674897,
821,구만요,7,1.1277213729137758e-06,0.9996881044888627,
822,에용,7,1.1277213729137758e-06,0.9996892322102356,
823,십시다,7,1.1277213729137758e-06,0.9996903599316085,
824,으려다가,7,1.1277213729137758e-06,0.9996914876529814,
825,데여,7,1.1277213729137758e-06,0.9996926153743544,
826,노라니,6,9.666183196403794e-07,0.999693581992674,
827,이소,6,9.666183196403794e-07,0.9996945486109936,
828,냔,6,9.666183196403794e-07,0.9996955152293133,
829,하군,6,9.666183196403794e-07,0.9996964818476329,
830,셔셔,6,9.666183196403794e-07,0.9996974484659525,
831,이까,6,9.666183196403794e-07,0.9996984150842722,
832,으심을,6,9.666183196403794e-07,0.9996993817025919,
833,로소이다,6,9.666183196403794e-07,0.9997003483209115,
834,라는군요,6,9.666183196403794e-07,0.9997013149392311,
835,으려고요,6,9.666183196403794e-07,0.9997022815575508,
836,여서만,6,9.666183196403794e-07,0.9997032481758704,
837,씨,6,9.666183196403794e-07,0.99970421479419,
838,따라,6,9.666183196403794e-07,0.9997051814125096,
839,앴,6,9.666183196403794e-07,0.9997061480308294,
840,신다니,6,9.666183196403794e-07,0.999707114649149,
841,서라도,6,9.666183196403794e-07,0.9997080812674686,
842,다지,6,9.666183196403794e-07,0.9997090478857883,
843,으사,6,9.666183196403794e-07,0.9997100145041079,
844,어서라도,6,9.666183196403794e-07,0.9997109811224275,
845,러니,6,9.666183196403794e-07,0.9997119477407471,
846,져,6,9.666183196403794e-07,0.9997129143590668,
847,는대요,6,9.666183196403794e-07,0.9997138809773864,
848,뢰,6,9.666183196403794e-07,0.9997148475957061,
849,곡,6,9.666183196403794e-07,0.9997158142140258,
850,지어다,6,9.666183196403794e-07,0.9997167808323454,
851,드라도,6,9.666183196403794e-07,0.999717747450665,
852,으다,6,9.666183196403794e-07,0.9997187140689846,
853,나마나,6,9.666183196403794e-07,0.9997196806873043,
854,나라,6,9.666183196403794e-07,0.9997206473056239,
855,루서,6,9.666183196403794e-07,0.9997216139239435,
856,을는지,6,9.666183196403794e-07,0.9997225805422633,
857,이가,6,9.666183196403794e-07,0.9997235471605829,
858,게에,6,9.666183196403794e-07,0.9997245137789025,
859,러서도,6,9.666183196403794e-07,0.9997254803972221,
860,을려면,6,9.666183196403794e-07,0.9997264470155418,
861,자구,6,9.666183196403794e-07,0.9997274136338614,
862,지언정,6,9.666183196403794e-07,0.999728380252181,
863,는구만,6,9.666183196403794e-07,0.9997293468705007,
864,논,6,9.666183196403794e-07,0.9997303134888204,
865,드니,6,9.666183196403794e-07,0.99973128010714,
866,애요,6,9.666183196403794e-07,0.9997322467254596,
867,라길래,6,9.666183196403794e-07,0.9997332133437793,
868,잖나,6,9.666183196403794e-07,0.9997341799620989,
869,겄,6,9.666183196403794e-07,0.9997351465804185,
870,올시다,6,9.666183196403794e-07,0.9997361131987382,
871,으셧,6,9.666183196403794e-07,0.9997370798170578,
872,애서,6,9.666183196403794e-07,0.9997380464353774,
873,고서라도,6,9.666183196403794e-07,0.9997390130536971,
874,는다는데,6,9.666183196403794e-07,0.9997399796720168,
875,니께,6,9.666183196403794e-07,0.9997409462903364,
876,가로,6,9.666183196403794e-07,0.999741912908656,
877,라죠,6,9.666183196403794e-07,0.9997428795269757,
878,다던데요,6,9.666183196403794e-07,0.9997438461452953,
879,는다기,6,9.666183196403794e-07,0.9997448127636149,
880,보담,5,8.055152663669828e-07,0.9997456182788813,
881,느냐구요,5,8.055152663669828e-07,0.9997464237941477,
882,너라,5,8.055152663669828e-07,0.9997472293094141,
883,래지,5,8.055152663669828e-07,0.9997480348246804,
884,구려,5,8.055152663669828e-07,0.9997488403399468,
885,먀,5,8.055152663669828e-07,0.9997496458552131,
886,신다구요,5,8.055152663669828e-07,0.9997504513704795,
887,새,5,8.055152663669828e-07,0.9997512568857458,
888,는다면서,5,8.055152663669828e-07,0.9997520624010122,
889,아다가,5,8.055152663669828e-07,0.9997528679162786,
890,으셨는지,5,8.055152663669828e-07,0.999753673431545,
891,있는,5,8.055152663669828e-07,0.9997544789468114,
892,사오,5,8.055152663669828e-07,0.9997552844620777,
893,억,5,8.055152663669828e-07,0.9997560899773441,
894,나고,5,8.055152663669828e-07,0.9997568954926105,
895,사와,5,8.055152663669828e-07,0.9997577010078769,
896,시더,5,8.055152663669828e-07,0.9997585065231431,
897,깨나,5,8.055152663669828e-07,0.9997593120384095,
898,련,5,8.055152663669828e-07,0.9997601175536759,
899,느냐며,5,8.055152663669828e-07,0.9997609230689423,
900,라나,5,8.055152663669828e-07,0.9997617285842086,
901,라오,5,8.055152663669828e-07,0.999762534099475,
902,지가,5,8.055152663669828e-07,0.9997633396147414,
903,로군요,5,8.055152663669828e-07,0.9997641451300078,
904,네이,5,8.055152663669828e-07,0.9997649506452742,
905,으니깐요,5,8.055152663669828e-07,0.9997657561605405,
906,니만큼,5,8.055152663669828e-07,0.9997665616758068,
907,구레,5,8.055152663669828e-07,0.9997673671910732,
908,세욧,5,8.055152663669828e-07,0.9997681727063396,
909,는단,5,8.055152663669828e-07,0.9997689782216059,
910,리매,5,8.055152663669828e-07,0.9997697837368723,
911,더란,5,8.055152663669828e-07,0.9997705892521387,
912,랠,5,8.055152663669828e-07,0.9997713947674051,
913,을려,5,8.055152663669828e-07,0.9997722002826714,
914,쟈,5,8.055152663669828e-07,0.9997730057979378,
915,가요,5,8.055152663669828e-07,0.9997738113132042,
916,드래,5,8.055152663669828e-07,0.9997746168284705,
917,어두,5,8.055152663669828e-07,0.9997754223437368,
918,을지어다,5,8.055152663669828e-07,0.9997762278590032,
919,을지니,5,8.055152663669828e-07,0.9997770333742696,
920,을게,5,8.055152663669828e-07,0.999777838889536,
921,이니,5,8.055152663669828e-07,0.9997786444048024,
922,다더군요,5,8.055152663669828e-07,0.9997794499200687,
923,니가,5,8.055152663669828e-07,0.9997802554353351,
924,이다,5,8.055152663669828e-07,0.9997810609506015,
925,더라니,5,8.055152663669828e-07,0.9997818664658679,
926,지라도,5,8.055152663669828e-07,0.9997826719811342,
927,론,5,8.055152663669828e-07,0.9997834774964005,
928,으셔요,5,8.055152663669828e-07,0.9997842830116669,
929,으루,5,8.055152663669828e-07,0.9997850885269333,
930,지고,5,8.055152663669828e-07,0.9997858940421996,
931,지롱,5,8.055152663669828e-07,0.999786699557466,
932,내며,5,8.055152663669828e-07,0.9997875050727324,
933,으렴,5,8.055152663669828e-07,0.9997883105879988,
934,습디다,5,8.055152663669828e-07,0.9997891161032652,
935,으면은,5,8.055152663669828e-07,0.9997899216185315,
936,을께요,5,8.055152663669828e-07,0.9997907271337979,
937,디요,5,8.055152663669828e-07,0.9997915326490642,
938,든데,5,8.055152663669828e-07,0.9997923381643306,
939,으실지,5,8.055152663669828e-07,0.9997931436795969,
940,라니깐,5,8.055152663669828e-07,0.9997939491948633,
941,댄다,5,8.055152663669828e-07,0.9997947547101297,
942,마당,5,8.055152663669828e-07,0.9997955602253961,
943,습니다요,5,8.055152663669828e-07,0.9997963657406624,
944,솝,5,8.055152663669828e-07,0.9997971712559288,
945,더래,4,6.444122130935862e-07,0.9997978156681419,
946,랬죠,4,6.444122130935862e-07,0.999798460080355,
947,까를,4,6.444122130935862e-07,0.999799104492568,
948,으냐는,4,6.444122130935862e-07,0.9997997489047812,
949,신규,4,6.444122130935862e-07,0.9998003933169942,
950,던들,4,6.444122130935862e-07,0.9998010377292074,
951,은들,4,6.444122130935862e-07,0.9998016821414204,
952,을진대,4,6.444122130935862e-07,0.9998023265536335,
953,오리니,4,6.444122130935862e-07,0.9998029709658466,
954,으리이까,4,6.444122130935862e-07,0.9998036153780597,
955,온데,4,6.444122130935862e-07,0.9998042597902729,
956,사오나,4,6.444122130935862e-07,0.9998049042024859,
957,대는,4,6.444122130935862e-07,0.9998055486146991,
958,삽,4,6.444122130935862e-07,0.9998061930269121,
959,시사,4,6.444122130935862e-07,0.9998068374391252,
960,라지,4,6.444122130935862e-07,0.9998074818513383,
961,긋,4,6.444122130935862e-07,0.9998081262635514,
962,여요,4,6.444122130935862e-07,0.9998087706757645,
963,네만,4,6.444122130935862e-07,0.9998094150879776,
964,실수록,4,6.444122130935862e-07,0.9998100595001906,
965,오리,4,6.444122130935862e-07,0.9998107039124038,
966,일까요,4,6.444122130935862e-07,0.9998113483246168,
967,을걸,4,6.444122130935862e-07,0.99981199273683,
968,냐니까,4,6.444122130935862e-07,0.999812637149043,
969,아시,4,6.444122130935862e-07,0.9998132815612562,
970,을게요,4,6.444122130935862e-07,0.9998139259734692,
971,어유,4,6.444122130935862e-07,0.9998145703856823,
972,이라는,4,6.444122130935862e-07,0.9998152147978954,
973,드람,4,6.444122130935862e-07,0.9998158592101085,
974,는다든가,4,6.444122130935862e-07,0.9998165036223216,
975,은께,4,6.444122130935862e-07,0.9998171480345347,
976,아든,4,6.444122130935862e-07,0.9998177924467478,
977,에도,4,6.444122130935862e-07,0.9998184368589609,
978,랑께,4,6.444122130935862e-07,0.999819081271174,
979,재는,4,6.444122130935862e-07,0.9998197256833871,
980,으셨으니,4,6.444122130935862e-07,0.9998203700956002,
981,이라,4,6.444122130935862e-07,0.9998210145078132,
982,을께,4,6.444122130935862e-07,0.9998216589200264,
983,아서라도,4,6.444122130935862e-07,0.9998223033322394,
984,랍시고,4,6.444122130935862e-07,0.9998229477444526,
985,아두,4,6.444122130935862e-07,0.9998235921566656,
986,일랑,4,6.444122130935862e-07,0.9998242365688788,
987,롸,4,6.444122130935862e-07,0.9998248809810918,
988,라데,4,6.444122130935862e-07,0.9998255253933049,
989,껜,4,6.444122130935862e-07,0.999826169805518,
990,하곤,4,6.444122130935862e-07,0.9998268142177311,
991,다니깐,4,6.444122130935862e-07,0.9998274586299442,
992,넨다,4,6.444122130935862e-07,0.9998281030421573,
993,덜,4,6.444122130935862e-07,0.9998287474543703,
994,으니께,4,6.444122130935862e-07,0.9998293918665835,
995,꼐서,4,6.444122130935862e-07,0.9998300362787965,
996,다손,4,6.444122130935862e-07,0.9998306806910097,
997,어야지요,4,6.444122130935862e-07,0.9998313251032227,
998,오라,4,6.444122130935862e-07,0.9998319695154358,
999,는걸,4,6.444122130935862e-07,0.999832613927649,
1000,끄러,4,6.444122130935862e-07,0.999833258339862,
1001,아하,4,6.444122130935862e-07,0.9998339027520752,
1002,어지이다,4,6.444122130935862e-07,0.9998345471642882,
1003,고저,4,6.444122130935862e-07,0.9998351915765014,
1004,으셨다니,4,6.444122130935862e-07,0.9998358359887144,
1005,댔,4,6.444122130935862e-07,0.9998364804009275,
1006,랄지,4,6.444122130935862e-07,0.9998371248131406,
1007,대서,4,6.444122130935862e-07,0.9998377692253537,
1008,을고,4,6.444122130935862e-07,0.9998384136375668,
1009,더래요,4,6.444122130935862e-07,0.9998390580497799,
1010,랑이,4,6.444122130935862e-07,0.9998397024619929,
1011,으실수록,4,6.444122130935862e-07,0.9998403468742061,
1012,진대,4,6.444122130935862e-07,0.9998409912864191,
1013,슴돠,4,6.444122130935862e-07,0.9998416356986323,
1014,을꼬,4,6.444122130935862e-07,0.9998422801108453,
1015,읍,4,6.444122130935862e-07,0.9998429245230585,
1016,마자,4,6.444122130935862e-07,0.9998435689352715,
1017,실려면,4,6.444122130935862e-07,0.9998442133474846,
1018,잔다,4,6.444122130935862e-07,0.9998448577596977,
1019,가라,4,6.444122130935862e-07,0.9998455021719108,
1020,욘,4,6.444122130935862e-07,0.9998461465841239,
1021,자꾸나,4,6.444122130935862e-07,0.999846790996337,
1022,요미,4,6.444122130935862e-07,0.9998474354085501,
1023,셔유,4,6.444122130935862e-07,0.9998480798207632,
1024,을래야,3,4.833091598201897e-07,0.999848563129923,
1025,렀으니,3,4.833091598201897e-07,0.9998490464390828,
1026,우라,3,4.833091598201897e-07,0.9998495297482426,
1027,으오,3,4.833091598201897e-07,0.9998500130574025,
1028,즉,3,4.833091598201897e-07,0.9998504963665623,
1029,디오,3,4.833091598201897e-07,0.9998509796757221,
1030,을라고,3,4.833091598201897e-07,0.9998514629848819,
1031,외,3,4.833091598201897e-07,0.9998519462940417,
1032,는겨,3,4.833091598201897e-07,0.9998524296032015,
1033,샨,3,4.833091598201897e-07,0.9998529129123613,
1034,으소,3,4.833091598201897e-07,0.9998533962215213,
1035,제이,3,4.833091598201897e-07,0.9998538795306811,
1036,으니라고,3,4.833091598201897e-07,0.9998543628398409,
1037,모로,3,4.833091598201897e-07,0.9998548461490007,
1038,는둥,3,4.833091598201897e-07,0.9998553294581605,
1039,게서,3,4.833091598201897e-07,0.9998558127673203,
1040,은감,3,4.833091598201897e-07,0.9998562960764801,
1041,기로서니,3,4.833091598201897e-07,0.99985677938564,
1042,사옵니까,3,4.833091598201897e-07,0.9998572626947998,
1043,코야,3,4.833091598201897e-07,0.9998577460039596,
1044,십,3,4.833091598201897e-07,0.9998582293131194,
1045,고사,3,4.833091598201897e-07,0.9998587126222792,
1046,시리,3,4.833091598201897e-07,0.999859195931439,
1047,따가,3,4.833091598201897e-07,0.9998596792405988,
1048,노다,3,4.833091598201897e-07,0.9998601625497587,
1049,는단다,3,4.833091598201897e-07,0.9998606458589185,
1050,라니까요,3,4.833091598201897e-07,0.9998611291680783,
1051,쉐,3,4.833091598201897e-07,0.9998616124772381,
1052,면서요,3,4.833091598201897e-07,0.999862095786398,
1053,요리,3,4.833091598201897e-07,0.9998625790955578,
1054,러요,3,4.833091598201897e-07,0.9998630624047176,
1055,마고,3,4.833091598201897e-07,0.9998635457138775,
1056,오레,3,4.833091598201897e-07,0.9998640290230373,
1057,아신,3,4.833091598201897e-07,0.9998645123321971,
1058,옵니까,3,4.833091598201897e-07,0.9998649956413569,
1059,라고는,3,4.833091598201897e-07,0.9998654789505167,
1060,자지,3,4.833091598201897e-07,0.9998659622596765,
1061,뭇,3,4.833091598201897e-07,0.9998664455688363,
1062,였을지도,3,4.833091598201897e-07,0.9998669288779962,
1063,다니깐요,3,4.833091598201897e-07,0.999867412187156,
1064,다요,3,4.833091598201897e-07,0.9998678954963158,
1065,예여,3,4.833091598201897e-07,0.9998683788054756,
1066,다든,3,4.833091598201897e-07,0.9998688621146354,
1067,어서리,3,4.833091598201897e-07,0.9998693454237952,
1068,고나,3,4.833091598201897e-07,0.999869828732955,
1069,달,3,4.833091598201897e-07,0.999870312042115,
1070,을래요,3,4.833091598201897e-07,0.9998707953512748,
1071,문서,3,4.833091598201897e-07,0.9998712786604346,
1072,랬,3,4.833091598201897e-07,0.9998717619695944,
1073,당께,3,4.833091598201897e-07,0.9998722452787542,
1074,려는가,3,4.833091598201897e-07,0.999872728587914,
1075,신대,3,4.833091598201897e-07,0.9998732118970738,
1076,삼,3,4.833091598201897e-07,0.9998736952062337,
1077,라라고,3,4.833091598201897e-07,0.9998741785153935,
1078,하며,3,4.833091598201897e-07,0.9998746618245533,
1079,다뇨,3,4.833091598201897e-07,0.9998751451337131,
1080,세나,3,4.833091598201897e-07,0.9998756284428729,
1081,얘,3,4.833091598201897e-07,0.9998761117520327,
1082,대나,3,4.833091598201897e-07,0.9998765950611925,
1083,대도,3,4.833091598201897e-07,0.9998770783703524,
1084,로군,3,4.833091598201897e-07,0.9998775616795123,
1085,렵니까,3,4.833091598201897e-07,0.999878044988672,
1086,십니꺼,3,4.833091598201897e-07,0.9998785282978319,
1087,우루,3,4.833091598201897e-07,0.9998790116069917,
1088,는지도,3,4.833091598201897e-07,0.9998794949161515,
1089,으냐고,3,4.833091598201897e-07,0.9998799782253113,
1090,잖,3,4.833091598201897e-07,0.9998804615344712,
1091,늠,3,4.833091598201897e-07,0.999880944843631,
1092,지로,3,4.833091598201897e-07,0.9998814281527908,
1093,는걸요,3,4.833091598201897e-07,0.9998819114619506,
1094,한티,3,4.833091598201897e-07,0.9998823947711104,
1095,언정,3,4.833091598201897e-07,0.9998828780802702,
1096,마지,3,4.833091598201897e-07,0.99988336138943,
1097,으라며,3,4.833091598201897e-07,0.9998838446985899,
1098,라기에,3,4.833091598201897e-07,0.9998843280077497,
1099,런지,3,4.833091598201897e-07,0.9998848113169095,
1100,애도,3,4.833091598201897e-07,0.9998852946260693,
1101,답시고,3,4.833091598201897e-07,0.9998857779352291,
1102,어만,3,4.833091598201897e-07,0.999886261244389,
1103,자는데,3,4.833091598201897e-07,0.9998867445535488,
1104,아고,3,4.833091598201897e-07,0.9998872278627087,
1105,자니까,3,4.833091598201897e-07,0.9998877111718685,
1106,로썬,3,4.833091598201897e-07,0.9998881944810283,
1107,소라,3,4.833091598201897e-07,0.9998886777901881,
1108,다냐,3,4.833091598201897e-07,0.9998891610993479,
1109,십사,3,4.833091598201897e-07,0.9998896444085077,
1110,드랬지,3,4.833091598201897e-07,0.9998901277176675,
1111,가니,3,4.833091598201897e-07,0.9998906110268274,
1112,닛가,3,4.833091598201897e-07,0.9998910943359872,
1113,셨을까,3,4.833091598201897e-07,0.999891577645147,
1114,으려구요,3,4.833091598201897e-07,0.9998920609543068,
1115,는다네,3,4.833091598201897e-07,0.9998925442634666,
1116,으셨으리라,3,4.833091598201897e-07,0.9998930275726264,
1117,세라,3,4.833091598201897e-07,0.9998935108817862,
1118,으시오,3,4.833091598201897e-07,0.9998939941909462,
1119,허고,3,4.833091598201897e-07,0.999894477500106,
1120,더만요,2,3.222061065467931e-07,0.9998947997062124,
1121,는데도요,2,3.222061065467931e-07,0.999895121912319,
1122,갔,2,3.222061065467931e-07,0.9998954441184256,
1123,옷,2,3.222061065467931e-07,0.9998957663245321,
1124,라느니,2,3.222061065467931e-07,0.9998960885306386,
1125,려무나,2,3.222061065467931e-07,0.9998964107367452,
1126,오리까,2,3.222061065467931e-07,0.9998967329428518,
1127,사이다,2,3.222061065467931e-07,0.9998970551489583,
1128,오리이까,2,3.222061065467931e-07,0.9998973773550649,
1129,으리이다,2,3.222061065467931e-07,0.9998976995611714,
1130,랴마는,2,3.222061065467931e-07,0.9998980217672779,
1131,였으리라,2,3.222061065467931e-07,0.9998983439733845,
1132,으니라구,2,3.222061065467931e-07,0.9998986661794911,
1133,샤도,2,3.222061065467931e-07,0.9998989883855975,
1134,잖소,2,3.222061065467931e-07,0.9998993105917041,
1135,으까요,2,3.222061065467931e-07,0.9998996327978107,
1136,마동,2,3.222061065467931e-07,0.9998999550039173,
1137,연에,2,3.222061065467931e-07,0.9999002772100237,
1138,으래,2,3.222061065467931e-07,0.9999005994161303,
1139,시다,2,3.222061065467931e-07,0.9999009216222369,
1140,랍니당,2,3.222061065467931e-07,0.9999012438283434,
1141,소만,2,3.222061065467931e-07,0.9999015660344499,
1142,였음으로,2,3.222061065467931e-07,0.9999018882405565,
1143,구료,2,3.222061065467931e-07,0.999902210446663,
1144,보러,2,3.222061065467931e-07,0.9999025326527696,
1145,리까,2,3.222061065467931e-07,0.9999028548588761,
1146,러선,2,3.222061065467931e-07,0.9999031770649827,
1147,지라,2,3.222061065467931e-07,0.9999034992710892,
1148,으셨기,2,3.222061065467931e-07,0.9999038214771958,
1149,ㄹ로,2,3.222061065467931e-07,0.9999041436833024,
1150,는다던,2,3.222061065467931e-07,0.9999044658894088,
1151,니더,2,3.222061065467931e-07,0.9999047880955154,
1152,니라고,2,3.222061065467931e-07,0.999905110301622,
1153,을려다,2,3.222061065467931e-07,0.9999054325077286,
1154,드라고요,2,3.222061065467931e-07,0.999905754713835,
1155,시유,2,3.222061065467931e-07,0.9999060769199416,
1156,으려니와,2,3.222061065467931e-07,0.9999063991260482,
1157,디이,2,3.222061065467931e-07,0.9999067213321547,
1158,네유,2,3.222061065467931e-07,0.9999070435382612,
1159,지유,2,3.222061065467931e-07,0.9999073657443678,
1160,거냐,2,3.222061065467931e-07,0.9999076879504744,
1161,섰,2,3.222061065467931e-07,0.9999080101565809,
1162,난,2,3.222061065467931e-07,0.9999083323626874,
1163,이냐,2,3.222061065467931e-07,0.999908654568794,
1164,오도,2,3.222061065467931e-07,0.9999089767749005,
1165,눈,2,3.222061065467931e-07,0.9999092989810071,
1166,였으되,2,3.222061065467931e-07,0.9999096211871136,
1167,을려나,2,3.222061065467931e-07,0.9999099433932201,
1168,어랏,2,3.222061065467931e-07,0.9999102655993267,
1169,은진,2,3.222061065467931e-07,0.9999105878054333,
1170,는진,2,3.222061065467931e-07,0.9999109100115399,
1171,우리라,2,3.222061065467931e-07,0.9999112322176463,
1172,기야,2,3.222061065467931e-07,0.9999115544237529,
1173,을라,2,3.222061065467931e-07,0.9999118766298595,
1174,드시,2,3.222061065467931e-07,0.999912198835966,
1175,라던데요,2,3.222061065467931e-07,0.9999125210420725,
1176,곰,2,3.222061065467931e-07,0.9999128432481791,
1177,오리라,2,3.222061065467931e-07,0.9999131654542857,
1178,을껄,2,3.222061065467931e-07,0.9999134876603922,
1179,아야지요,2,3.222061065467931e-07,0.9999138098664987,
1180,쩌,2,3.222061065467931e-07,0.9999141320726053,
1181,는당가,2,3.222061065467931e-07,0.9999144542787118,
1182,부텀,2,3.222061065467931e-07,0.9999147764848184,
1183,거등요,2,3.222061065467931e-07,0.9999150986909249,
1184,셔라,2,3.222061065467931e-07,0.9999154208970314,
1185,는구먼,2,3.222061065467931e-07,0.999915743103138,
1186,지오,2,3.222061065467931e-07,0.9999160653092446,
1187,으란다,2,3.222061065467931e-07,0.9999163875153511,
1188,다마는,2,3.222061065467931e-07,0.9999167097214576,
1189,구로,2,3.222061065467931e-07,0.9999170319275642,
1190,어이,2,3.222061065467931e-07,0.9999173541336708,
1191,와라,2,3.222061065467931e-07,0.9999176763397772,
1192,더래도,2,3.222061065467931e-07,0.9999179985458838,
1193,자와,2,3.222061065467931e-07,0.9999183207519904,
1194,습지요,2,3.222061065467931e-07,0.999918642958097,
1195,서부터가,2,3.222061065467931e-07,0.9999189651642035,
1196,애라,2,3.222061065467931e-07,0.99991928737031,
1197,야시,2,3.222061065467931e-07,0.9999196095764166,
1198,러라,2,3.222061065467931e-07,0.9999199317825231,
1199,소이다,2,3.222061065467931e-07,0.9999202539886297,
1200,드란,2,3.222061065467931e-07,0.9999205761947362,
1201,으셔서는,2,3.222061065467931e-07,0.9999208984008428,
1202,신다는데,2,3.222061065467931e-07,0.9999212206069493,
1203,쿠나,2,3.222061065467931e-07,0.9999215428130559,
1204,으고,2,3.222061065467931e-07,0.9999218650191624,
1205,어습니다,2,3.222061065467931e-07,0.9999221872252689,
1206,니오,2,3.222061065467931e-07,0.9999225094313755,
1207,을라치면,2,3.222061065467931e-07,0.9999228316374821,
1208,란다는,2,3.222061065467931e-07,0.9999231538435885,
1209,므로서,2,3.222061065467931e-07,0.9999234760496951,
1210,남동,2,3.222061065467931e-07,0.9999237982558017,
1211,지우,2,3.222061065467931e-07,0.9999241204619083,
1212,자던,2,3.222061065467931e-07,0.9999244426680147,
1213,이시여,2,3.222061065467931e-07,0.9999247648741213,
1214,구랴,2,3.222061065467931e-07,0.9999250870802279,
1215,는가고,2,3.222061065467931e-07,0.9999254092863344,
1216,다면은,2,3.222061065467931e-07,0.999925731492441,
1217,랍니까,2,3.222061065467931e-07,0.9999260536985475,
1218,암직,2,3.222061065467931e-07,0.999926375904654,
1219,렀음을,2,3.222061065467931e-07,0.9999266981107606,
1220,드래도,2,3.222061065467931e-07,0.9999270203168672,
1221,마르는,2,3.222061065467931e-07,0.9999273425229737,
1222,댜,2,3.222061065467931e-07,0.9999276647290802,
1223,거다,2,3.222061065467931e-07,0.9999279869351868,
1224,오이다,2,3.222061065467931e-07,0.9999283091412934,
1225,드랬습니다,2,3.222061065467931e-07,0.9999286313473998,
1226,누만요,2,3.222061065467931e-07,0.9999289535535064,
1227,을까마는,2,3.222061065467931e-07,0.999929275759613,
1228,이라두,2,3.222061065467931e-07,0.9999295979657196,
1229,온지,2,3.222061065467931e-07,0.999929920171826,
1230,였음은,2,3.222061065467931e-07,0.9999302423779326,
1231,야아,2,3.222061065467931e-07,0.9999305645840392,
1232,는다지만,2,3.222061065467931e-07,0.9999308867901457,
1233,드만,2,3.222061065467931e-07,0.9999312089962522,
1234,어욧,2,3.222061065467931e-07,0.9999315312023588,
1235,옵니다,2,3.222061065467931e-07,0.9999318534084654,
1236,으려는데,2,3.222061065467931e-07,0.9999321756145719,
1237,든디,2,3.222061065467931e-07,0.9999324978206785,
1238,으려도,2,3.222061065467931e-07,0.999932820026785,
1239,더구먼,2,3.222061065467931e-07,0.9999331422328915,
1240,다더라고,2,3.222061065467931e-07,0.9999334644389981,
1241,녜,2,3.222061065467931e-07,0.9999337866451047,
1242,려도,2,3.222061065467931e-07,0.9999341088512111,
1243,으만,2,3.222061065467931e-07,0.9999344310573177,
1244,냐구,2,3.222061065467931e-07,0.9999347532634243,
1245,선지,2,3.222061065467931e-07,0.9999350754695309,
1246,는다던가,2,3.222061065467931e-07,0.9999353976756373,
1247,다아,2,3.222061065467931e-07,0.9999357198817439,
1248,드라는,2,3.222061065467931e-07,0.9999360420878505,
1249,으신다는,2,3.222061065467931e-07,0.999936364293957,
1250,네라,2,3.222061065467931e-07,0.9999366865000635,
1251,긔,2,3.222061065467931e-07,0.9999370087061701,
1252,지만서도요,2,3.222061065467931e-07,0.9999373309122767,
1253,이든,2,3.222061065467931e-07,0.9999376531183832,
1254,으리까,2,3.222061065467931e-07,0.9999379753244897,
1255,어나,2,3.222061065467931e-07,0.9999382975305963,
1256,우다,2,3.222061065467931e-07,0.9999386197367028,
1257,이서,2,3.222061065467931e-07,0.9999389419428094,
1258,련만,2,3.222061065467931e-07,0.999939264148916,
1259,인교,2,3.222061065467931e-07,0.9999395863550224,
1260,십니까요,2,3.222061065467931e-07,0.999939908561129,
1261,래이,2,3.222061065467931e-07,0.9999402307672356,
1262,러뇨,2,3.222061065467931e-07,0.9999405529733422,
1263,자아,2,3.222061065467931e-07,0.9999408751794486,
1264,다는군,2,3.222061065467931e-07,0.9999411973855552,
1265,동만,2,3.222061065467931e-07,0.9999415195916618,
1266,라든,2,3.222061065467931e-07,0.9999418417977683,
1267,라뇨,2,3.222061065467931e-07,0.9999421640038748,
1268,으셨었,2,3.222061065467931e-07,0.9999424862099814,
1269,디다,2,3.222061065467931e-07,0.999942808416088,
1270,니다만,2,3.222061065467931e-07,0.9999431306221945,
1271,거들랑,2,3.222061065467931e-07,0.999943452828301,
1272,더구만요,2,3.222061065467931e-07,0.9999437750344076,
1273,습나,2,3.222061065467931e-07,0.9999440972405141,
1274,다이,2,3.222061065467931e-07,0.9999444194466207,
1275,은데도,2,3.222061065467931e-07,0.9999447416527272,
1276,사와요,2,3.222061065467931e-07,0.9999450638588337,
1277,으옵,2,3.222061065467931e-07,0.9999453860649403,
1278,디만,2,3.222061065467931e-07,0.9999457082710469,
1279,능거,2,3.222061065467931e-07,0.9999460304771534,
1280,구유,2,3.222061065467931e-07,0.9999463526832599,
1281,잖은,1,1.6110305327339655e-07,0.9999465137863133,
1282,음세,1,1.6110305327339655e-07,0.9999466748893665,
1283,였을까,1,1.6110305327339655e-07,0.9999468359924197,
1284,어늘,1,1.6110305327339655e-07,0.9999469970954731,
1285,라더냐,1,1.6110305327339655e-07,0.9999471581985263,
1286,을소냐,1,1.6110305327339655e-07,0.9999473193015797,
1287,으려느냐,1,1.6110305327339655e-07,0.9999474804046329,
1288,을지니라,1,1.6110305327339655e-07,0.9999476415076861,
1289,에게선,1,1.6110305327339655e-07,0.9999478026107395,
1290,더시,1,1.6110305327339655e-07,0.9999479637137927,
1291,져라,1,1.6110305327339655e-07,0.9999481248168459,
1292,리며,1,1.6110305327339655e-07,0.9999482859198993,
1293,느냐면,1,1.6110305327339655e-07,0.9999484470229525,
1294,가정,1,1.6110305327339655e-07,0.9999486081260058,
1295,신대요,1,1.6110305327339655e-07,0.9999487692290591,
1296,시와,1,1.6110305327339655e-07,0.9999489303321123,
1297,어리랏다,1,1.6110305327339655e-07,0.9999490914351656,
1298,야제,1,1.6110305327339655e-07,0.9999492525382189,
1299,구마,1,1.6110305327339655e-07,0.9999494136412721,
1300,꼬마,1,1.6110305327339655e-07,0.9999495747443254,
1301,은다고,1,1.6110305327339655e-07,0.9999497358473787,
1302,마던,1,1.6110305327339655e-07,0.999949896950432,
1303,는다니요,1,1.6110305327339655e-07,0.9999500580534852,
1304,데유,1,1.6110305327339655e-07,0.9999502191565385,
1305,으련,1,1.6110305327339655e-07,0.9999503802595918,
1306,긴커녕,1,1.6110305327339655e-07,0.999950541362645,
1307,으라니,1,1.6110305327339655e-07,0.9999507024656984,
1308,라고라,1,1.6110305327339655e-07,0.9999508635687516,
1309,리여,1,1.6110305327339655e-07,0.9999510246718049,
1310,다감,1,1.6110305327339655e-07,0.9999511857748582,
1311,아랏,1,1.6110305327339655e-07,0.9999513468779114,
1312,야징,1,1.6110305327339655e-07,0.9999515079809647,
1313,에셔,1,1.6110305327339655e-07,0.999951669084018,
1314,대죠,1,1.6110305327339655e-07,0.9999518301870712,
1315,고려,1,1.6110305327339655e-07,0.9999519912901246,
1316,잖니,1,1.6110305327339655e-07,0.9999521523931778,
1317,연,1,1.6110305327339655e-07,0.999952313496231,
1318,보구,1,1.6110305327339655e-07,0.9999524745992844,
1319,습디까,1,1.6110305327339655e-07,0.9999526357023376,
1320,덧,1,1.6110305327339655e-07,0.9999527968053908,
1321,실려고,1,1.6110305327339655e-07,0.9999529579084442,
1322,다잖아요,1,1.6110305327339655e-07,0.9999531190114974,
1323,셔두,1,1.6110305327339655e-07,0.9999532801145508,
1324,래서,1,1.6110305327339655e-07,0.999953441217604,
1325,라두,1,1.6110305327339655e-07,0.9999536023206572,
1326,실라고,1,1.6110305327339655e-07,0.9999537634237106,
1327,게두,1,1.6110305327339655e-07,0.9999539245267638,
1328,이사,1,1.6110305327339655e-07,0.9999540856298171,
1329,을려는,1,1.6110305327339655e-07,0.9999542467328704,
1330,는다고요,1,1.6110305327339655e-07,0.9999544078359236,
1331,더라니까,1,1.6110305327339655e-07,0.9999545689389769,
1332,워리,1,1.6110305327339655e-07,0.9999547300420302,
1333,는데유,1,1.6110305327339655e-07,0.9999548911450834,
1334,다믄,1,1.6110305327339655e-07,0.9999550522481367,
1335,옵소서,1,1.6110305327339655e-07,0.99995521335119,
1336,간디,1,1.6110305327339655e-07,0.9999553744542433,
1337,련다고,1,1.6110305327339655e-07,0.9999555355572965,
1338,으랑께,1,1.6110305327339655e-07,0.9999556966603498,
1339,당가,1,1.6110305327339655e-07,0.9999558577634031,
1340,우에,1,1.6110305327339655e-07,0.9999560188664564,
1341,으믄서,1,1.6110305327339655e-07,0.9999561799695096,
1342,테니까,1,1.6110305327339655e-07,0.9999563410725629,
1343,을까만,1,1.6110305327339655e-07,0.9999565021756162,
1344,쑤,1,1.6110305327339655e-07,0.9999566632786695,
1345,다라면,1,1.6110305327339655e-07,0.9999568243817227,
1346,는뎁쇼,1,1.6110305327339655e-07,0.999956985484776,
1347,다잉,1,1.6110305327339655e-07,0.9999571465878293,
1348,는다더니,1,1.6110305327339655e-07,0.9999573076908825,
1349,는디요,1,1.6110305327339655e-07,0.9999574687939359,
1350,에부터,1,1.6110305327339655e-07,0.9999576298969891,
1351,나지요,1,1.6110305327339655e-07,0.9999577910000423,
1352,나든,1,1.6110305327339655e-07,0.9999579521030957,
1353,더라나,1,1.6110305327339655e-07,0.9999581132061489,
1354,라아,1,1.6110305327339655e-07,0.9999582743092021,
1355,러면,1,1.6110305327339655e-07,0.9999584354122555,
1356,재요,1,1.6110305327339655e-07,0.9999585965153087,
1357,웠으면,1,1.6110305327339655e-07,0.9999587576183621,
1358,라더군요,1,1.6110305327339655e-07,0.9999589187214153,
1359,어서든,1,1.6110305327339655e-07,0.9999590798244685,
1360,다더군,1,1.6110305327339655e-07,0.9999592409275219,
1361,다닌,1,1.6110305327339655e-07,0.9999594020305751,
1362,십니다요,1,1.6110305327339655e-07,0.9999595631336283,
1363,오마,1,1.6110305327339655e-07,0.9999597242366817,
1364,뒈,1,1.6110305327339655e-07,0.9999598853397349,
1365,는다던지,1,1.6110305327339655e-07,0.9999600464427882,
1366,렀으나,1,1.6110305327339655e-07,0.9999602075458415,
1367,돗,1,1.6110305327339655e-07,0.9999603686488947,
1368,습닌다,1,1.6110305327339655e-07,0.999960529751948,
1369,어며,1,1.6110305327339655e-07,0.9999606908550013,
1370,자다,1,1.6110305327339655e-07,0.9999608519580546,
1371,러든,1,1.6110305327339655e-07,0.9999610130611079,
1372,마난,1,1.6110305327339655e-07,0.9999611741641611,
1373,걸랑요,1,1.6110305327339655e-07,0.9999613352672144,
1374,는고나,1,1.6110305327339655e-07,0.9999614963702677,
1375,실가,1,1.6110305327339655e-07,0.9999616574733209,
1376,없는,1,1.6110305327339655e-07,0.9999618185763742,
1377,을려구,1,1.6110305327339655e-07,0.9999619796794275,
1378,라면서요,1,1.6110305327339655e-07,0.9999621407824808,
1379,드키,1,1.6110305327339655e-07,0.999962301885534,
1380,로라,1,1.6110305327339655e-07,0.9999624629885873,
1381,더라니까요,1,1.6110305327339655e-07,0.9999626240916406,
1382,으마,1,1.6110305327339655e-07,0.9999627851946938,
1383,야사,1,1.6110305327339655e-07,0.9999629462977471,
1384,어면,1,1.6110305327339655e-07,0.9999631074008004,
1385,다드라,1,1.6110305327339655e-07,0.9999632685038536,
1386,소오,1,1.6110305327339655e-07,0.999963429606907,
1387,유라,1,1.6110305327339655e-07,0.9999635907099602,
1388,랬는데,1,1.6110305327339655e-07,0.9999637518130134,
1389,우워,1,1.6110305327339655e-07,0.9999639129160668,
1390,래야만,1,1.6110305327339655e-07,0.99996407401912,
1391,는다나,1,1.6110305327339655e-07,0.9999642351221733,
1392,기요,1,1.6110305327339655e-07,0.9999643962252266,
1393,느라면,1,1.6110305327339655e-07,0.9999645573282798,
1394,요오,1,1.6110305327339655e-07,0.9999647184313332,
1395,다거니,1,1.6110305327339655e-07,0.9999648795343864,
1396,로서의,1,1.6110305327339655e-07,0.9999650406374396,
1397,더냐고,1,1.6110305327339655e-07,0.999965201740493,
1398,으십시다,1,1.6110305327339655e-07,0.9999653628435462,
1399,지야,1,1.6110305327339655e-07,0.9999655239465995,
1400,으샤,1,1.6110305327339655e-07,0.9999656850496528,
1401,다꾸나,1,1.6110305327339655e-07,0.999965846152706,
1402,거를,1,1.6110305327339655e-07,0.9999660072557593,
1403,을진,1,1.6110305327339655e-07,0.9999661683588126,
1404,어고,1,1.6110305327339655e-07,0.9999663294618658,
1405,놋다,1,1.6110305327339655e-07,0.9999664905649192,
1406,으랴마는,1,1.6110305327339655e-07,0.9999666516679724,
1407,여이다,1,1.6110305327339655e-07,0.9999668127710257,
1408,든가요,1,1.6110305327339655e-07,0.999966973874079,
1409,걸,1,1.6110305327339655e-07,0.9999671349771322,
1410,으십,1,1.6110305327339655e-07,0.9999672960801855,
1411,슴둥,1,1.6110305327339655e-07,0.9999674571832388,
1412,걸랑,1,1.6110305327339655e-07,0.999967618286292,
1413,능가,1,1.6110305327339655e-07,0.9999677793893453,
1414,잖냐,1,1.6110305327339655e-07,0.9999679404923986,
1415,으리만치,1,1.6110305327339655e-07,0.9999681015954519,
1416,을랍니다,1,1.6110305327339655e-07,0.9999682626985051,
1417,으민,1,1.6110305327339655e-07,0.9999684238015584,
1418,까만,1,1.6110305327339655e-07,0.9999685849046117,
1419,어염,1,1.6110305327339655e-07,0.9999687460076649,
1420,네그려,1,1.6110305327339655e-07,0.9999689071107183,
1421,려네,1,1.6110305327339655e-07,0.9999690682137715,
1422,다데,1,1.6110305327339655e-07,0.9999692293168247,
1423,느라구,1,1.6110305327339655e-07,0.9999693904198781,
1424,자우,1,1.6110305327339655e-07,0.9999695515229313,
1425,느라고요,1,1.6110305327339655e-07,0.9999697126259846,
1426,자마다,1,1.6110305327339655e-07,0.9999698737290379,
1427,려다간,1,1.6110305327339655e-07,0.9999700348320911,
1428,드라고,1,1.6110305327339655e-07,0.9999701959351445,
1429,스빈다,1,1.6110305327339655e-07,0.9999703570381977,
1430,던고,1,1.6110305327339655e-07,0.9999705181412509,
1431,어니와,1,1.6110305327339655e-07,0.9999706792443043,
1432,실는지,1,1.6110305327339655e-07,0.9999708403473575,
1433,더이까,1,1.6110305327339655e-07,0.9999710014504107,
1434,디시,1,1.6110305327339655e-07,0.9999711625534641,
1435,여야지,1,1.6110305327339655e-07,0.9999713236565173,
1436,라군,1,1.6110305327339655e-07,0.9999714847595707,
1437,라는구나,1,1.6110305327339655e-07,0.9999716458626239,
1438,다우,1,1.6110305327339655e-07,0.9999718069656771,
1439,더라만,1,1.6110305327339655e-07,0.9999719680687305,
1440,읍니당,1,1.6110305327339655e-07,0.9999721291717837,
1441,래여,1,1.6110305327339655e-07,0.999972290274837,
1442,야요,1,1.6110305327339655e-07,0.9999724513778903,
1443,구먼요,1,1.6110305327339655e-07,0.9999726124809435,
1444,습네다,1,1.6110305327339655e-07,0.9999727735839968,
1445,는다손,1,1.6110305327339655e-07,0.9999729346870501,
1446,까말까,1,1.6110305327339655e-07,0.9999730957901033,
1447,아나,1,1.6110305327339655e-07,0.9999732568931566,
1448,실라면,1,1.6110305327339655e-07,0.9999734179962099,
1449,련가,1,1.6110305327339655e-07,0.9999735790992632,
1450,단다고,1,1.6110305327339655e-07,0.9999737402023164,
1451,넌지,1,1.6110305327339655e-07,0.9999739013053697,
1452,치고는,1,1.6110305327339655e-07,0.999974062408423,
1453,야니,1,1.6110305327339655e-07,0.9999742235114762,
1454,실려고요,1,1.6110305327339655e-07,0.9999743846145295,
1455,리라던,1,1.6110305327339655e-07,0.9999745457175828,
1456,로세,1,1.6110305327339655e-07,0.999974706820636,
1457,신데도,1,1.6110305327339655e-07,0.9999748679236894,
1458,니야,1,1.6110305327339655e-07,0.9999750290267426,
1459,음성,1,1.6110305327339655e-07,0.9999751901297959,
1460,그리구,1,1.6110305327339655e-07,0.9999753512328492,
1461,다기로서니,1,1.6110305327339655e-07,0.9999755123359024,
1462,라서리,1,1.6110305327339655e-07,0.9999756734389558,
1463,렀음에도,1,1.6110305327339655e-07,0.999975834542009,
1464,잖고,1,1.6110305327339655e-07,0.9999759956450622,
1465,습네,1,1.6110305327339655e-07,0.9999761567481156,
1466,느냐면서,1,1.6110305327339655e-07,0.9999763178511688,
1467,는다구요,1,1.6110305327339655e-07,0.999976478954222,
1468,자오,1,1.6110305327339655e-07,0.9999766400572754,
1469,라잖아,1,1.6110305327339655e-07,0.9999768011603286,
1470,으나마,1,1.6110305327339655e-07,0.999976962263382,
1471,야야,1,1.6110305327339655e-07,0.9999771233664352,
1472,나가,1,1.6110305327339655e-07,0.9999772844694884,
1473,시소,1,1.6110305327339655e-07,0.9999774455725418,
1474,실라,1,1.6110305327339655e-07,0.999977606675595,
1475,로다가,1,1.6110305327339655e-07,0.9999777677786482,
1476,등만,1,1.6110305327339655e-07,0.9999779288817016,
1477,습니까마는,1,1.6110305327339655e-07,0.9999780899847548,
1478,듸어,1,1.6110305327339655e-07,0.9999782510878081,
1479,소마는,1,1.6110305327339655e-07,0.9999784121908614,
1480,소이다만,1,1.6110305327339655e-07,0.9999785732939146,
1481,다나요,1,1.6110305327339655e-07,0.9999787343969679,
1482,을라면,1,1.6110305327339655e-07,0.9999788955000212,
1483,렀음이,1,1.6110305327339655e-07,0.9999790566030745,
1484,시라,1,1.6110305327339655e-07,0.9999792177061277,
1485,는다길래,1,1.6110305327339655e-07,0.999979378809181,
1486,으라고요,1,1.6110305327339655e-07,0.9999795399122343,
1487,답니까,1,1.6110305327339655e-07,0.9999797010152875,
1488,었겠,1,1.6110305327339655e-07,0.9999798621183408,
1489,아라고,1,1.6110305327339655e-07,0.9999800232213941,
1490,엇다,1,1.6110305327339655e-07,0.9999801843244474,
1491,ㄹ래,1,1.6110305327339655e-07,0.9999803454275007,
1492,으려는지,1,1.6110305327339655e-07,0.9999805065305539,
1493,는답시고,1,1.6110305327339655e-07,0.9999806676336072,
1494,어니,1,1.6110305327339655e-07,0.9999808287366605,
1495,걸래,1,1.6110305327339655e-07,0.9999809898397137,
1496,이루,1,1.6110305327339655e-07,0.999981150942767,
1497,느냐니까,1,1.6110305327339655e-07,0.9999813120458203,
1498,다대요,1,1.6110305327339655e-07,0.9999814731488735,
1499,으세,1,1.6110305327339655e-07,0.9999816342519269,
1500,디외,1,1.6110305327339655e-07,0.9999817953549801,
1501,으이,1,1.6110305327339655e-07,0.9999819564580333,
1502,랩니다,1,1.6110305327339655e-07,0.9999821175610867,
1503,는가란,1,1.6110305327339655e-07,0.9999822786641399,
1504,더라며,1,1.6110305327339655e-07,0.9999824397671933,
1505,으셨을까,1,1.6110305327339655e-07,0.9999826008702465,
1506,는다면요,1,1.6110305327339655e-07,0.9999827619732997,
1507,랴는,1,1.6110305327339655e-07,0.9999829230763531,
1508,까나,1,1.6110305327339655e-07,0.9999830841794063,
1509,니만치,1,1.6110305327339655e-07,0.9999832452824595,
1510,습죠,1,1.6110305327339655e-07,0.9999834063855129,
1511,두요,1,1.6110305327339655e-07,0.9999835674885661,
1512,느냐고요,1,1.6110305327339655e-07,0.9999837285916194,
1513,으시라,1,1.6110305327339655e-07,0.9999838896946727,
1514,아니,1,1.6110305327339655e-07,0.9999840507977259,
1515,득기,1,1.6110305327339655e-07,0.9999842119007792,
1516,던대,1,1.6110305327339655e-07,0.9999843730038325,
1517,던디,1,1.6110305327339655e-07,0.9999845341068857,
1518,노라며,1,1.6110305327339655e-07,0.999984695209939,
1519,으까,1,1.6110305327339655e-07,0.9999848563129923,
1520,래는,1,1.6110305327339655e-07,0.9999850174160456,
1521,좋아,1,1.6110305327339655e-07,0.9999851785190988,
1522,라면은,1,1.6110305327339655e-07,0.9999853396221521,
1523,이라면,1,1.6110305327339655e-07,0.9999855007252054,
1524,먼서,1,1.6110305327339655e-07,0.9999856618282587,
1525,드랬다,1,1.6110305327339655e-07,0.999985822931312,
1526,야리아,1,1.6110305327339655e-07,0.9999859840343652,
1527,뎁쇼,1,1.6110305327339655e-07,0.9999861451374185,
1528,걸아,1,1.6110305327339655e-07,0.9999863062404718,
1529,기나,1,1.6110305327339655e-07,0.999986467343525,
1530,냐면은,1,1.6110305327339655e-07,0.9999866284465783,
1531,으라구,1,1.6110305327339655e-07,0.9999867895496316,
1532,자면서,1,1.6110305327339655e-07,0.9999869506526848,
1533,사오리까,1,1.6110305327339655e-07,0.9999871117557382,
1534,런들,1,1.6110305327339655e-07,0.9999872728587914,
1535,으로썬,1,1.6110305327339655e-07,0.9999874339618446,
1536,래면,1,1.6110305327339655e-07,0.999987595064898,
1537,윰,1,1.6110305327339655e-07,0.9999877561679512,
1538,으라던,1,1.6110305327339655e-07,0.9999879172710044,
1539,앳,1,1.6110305327339655e-07,0.9999880783740578,
1540,라는지,1,1.6110305327339655e-07,0.999988239477111,
1541,잖게,1,1.6110305327339655e-07,0.9999884005801644,
1542,시옵,1,1.6110305327339655e-07,0.9999885616832176,
1543,디록,1,1.6110305327339655e-07,0.9999887227862708,
1544,오시라,1,1.6110305327339655e-07,0.9999888838893242,
1545,냐건,1,1.6110305327339655e-07,0.9999890449923774,
1546,샴,1,1.6110305327339655e-07,0.9999892060954306,
1547,다더라도,1,1.6110305327339655e-07,0.999989367198484,
1548,신다구,1,1.6110305327339655e-07,0.9999895283015372,
1549,이라곤,1,1.6110305327339655e-07,0.9999896894045905,
1550,고라,1,1.6110305327339655e-07,0.9999898505076438,
1551,자거나,1,1.6110305327339655e-07,0.999990011610697,
1552,자면요,1,1.6110305327339655e-07,0.9999901727137503,
1553,소이까,1,1.6110305327339655e-07,0.9999903338168036,
1554,어라고,1,1.6110305327339655e-07,0.9999904949198569,
1555,이선,1,1.6110305327339655e-07,0.9999906560229102,
1556,인디,1,1.6110305327339655e-07,0.9999908171259634,
1557,씨오,1,1.6110305327339655e-07,0.9999909782290167,
1558,만치,1,1.6110305327339655e-07,0.99999113933207,
1559,아대서,1,1.6110305327339655e-07,0.9999913004351232,
1560,누나,1,1.6110305327339655e-07,0.9999914615381765,
1561,다넌,1,1.6110305327339655e-07,0.9999916226412298,
1562,나다나,1,1.6110305327339655e-07,0.9999917837442831,
1563,라지요,1,1.6110305327339655e-07,0.9999919448473363,
1564,였은,1,1.6110305327339655e-07,0.9999921059503896,
1565,니까니,1,1.6110305327339655e-07,0.9999922670534429,
1566,구면,1,1.6110305327339655e-07,0.9999924281564961,
1567,으다면,1,1.6110305327339655e-07,0.9999925892595494,
1568,엇고,1,1.6110305327339655e-07,0.9999927503626027,
1569,는데두,1,1.6110305327339655e-07,0.9999929114656559,
1570,에는,1,1.6110305327339655e-07,0.9999930725687093,
1571,잇고,1,1.6110305327339655e-07,0.9999932336717625,
1572,모양,1,1.6110305327339655e-07,0.9999933947748157,
1573,래야,1,1.6110305327339655e-07,0.9999935558778691,
1574,구선,1,1.6110305327339655e-07,0.9999937169809223,
1575,음둥,1,1.6110305327339655e-07,0.9999938780839757,
1576,잖수,1,1.6110305327339655e-07,0.9999940391870289,
1577,자마,1,1.6110305327339655e-07,0.9999942002900821,
1578,밖이,1,1.6110305327339655e-07,0.9999943613931355,
1579,리라곤,1,1.6110305327339655e-07,0.9999945224961887,
1580,으래요,1,1.6110305327339655e-07,0.9999946835992419,
1581,습지,1,1.6110305327339655e-07,0.9999948447022953,
1582,지라는,1,1.6110305327339655e-07,0.9999950058053485,
1583,헌티,1,1.6110305327339655e-07,0.9999951669084018,
1584,느냔,1,1.6110305327339655e-07,0.9999953280114551,
1585,은디,1,1.6110305327339655e-07,0.9999954891145083,
1586,습니껴,1,1.6110305327339655e-07,0.9999956502175616,
1587,람시로,1,1.6110305327339655e-07,0.9999958113206149,
1588,거던,1,1.6110305327339655e-07,0.9999959724236681,
1589,자옵,1,1.6110305327339655e-07,0.9999961335267215,
1590,메는,1,1.6110305327339655e-07,0.9999962946297747,
1591,아유,1,1.6110305327339655e-07,0.999996455732828,
1592,는개,1,1.6110305327339655e-07,0.9999966168358813,
1593,닷다,1,1.6110305327339655e-07,0.9999967779389345,
1594,을망정,1,1.6110305327339655e-07,0.9999969390419878,
1595,어예,1,1.6110305327339655e-07,0.9999971001450411,
1596,니꺼,1,1.6110305327339655e-07,0.9999972612480944,
1597,사옵나이다,1,1.6110305327339655e-07,0.9999974223511476,
1598,가가,1,1.6110305327339655e-07,0.9999975834542009,
1599,으리오,1,1.6110305327339655e-07,0.9999977445572542,
1600,다고나,1,1.6110305327339655e-07,0.9999979056603074,
1601,아는,1,1.6110305327339655e-07,0.9999980667633607,
1602,답디까,1,1.6110305327339655e-07,0.999998227866414,
1603,지예,1,1.6110305327339655e-07,0.9999983889694672,
1604,으려야,1,1.6110305327339655e-07,0.9999985500725206,
1605,구리,1,1.6110305327339655e-07,0.9999987111755738,
1606,다디,1,1.6110305327339655e-07,0.999998872278627,
1607,길래요,1,1.6110305327339655e-07,0.9999990333816804,
1608,으니만큼,1,1.6110305327339655e-07,0.9999991944847336,
1609,다꼬,1,1.6110305327339655e-07,0.9999993555877869,
1610,에유,1,1.6110305327339655e-07,0.9999995166908402,
1611,는기요,1,1.6110305327339655e-07,0.9999996777938934,
1612,서의,1,1.6110305327339655e-07,0.9999998388969468,
1613,수와,1,1.6110305327339655e-07,1.0,
